-- phpMyAdmin SQL Dump
-- version 4.1.14
-- http://www.phpmyadmin.net
--
-- Servidor: 127.0.0.1
-- Tiempo de generación: 02-12-2014 a las 23:34:58
-- Versión del servidor: 5.6.17
-- Versión de PHP: 5.5.12

SET SQL_MODE = "NO_AUTO_VALUE_ON_ZERO";
SET time_zone = "+00:00";


/*!40101 SET @OLD_CHARACTER_SET_CLIENT=@@CHARACTER_SET_CLIENT */;
/*!40101 SET @OLD_CHARACTER_SET_RESULTS=@@CHARACTER_SET_RESULTS */;
/*!40101 SET @OLD_COLLATION_CONNECTION=@@COLLATION_CONNECTION */;
/*!40101 SET NAMES utf8 */;

--
-- Base de datos: `ecbti`
--

-- --------------------------------------------------------

--
-- Estructura de tabla para la tabla `cantidad_anio`
--

CREATE TABLE IF NOT EXISTS `cantidad_anio` (
  `idcantidad_anio` int(11) NOT NULL AUTO_INCREMENT,
  `principal_idprincipal` int(11) NOT NULL,
  `codigo` varchar(35) DEFAULT NULL,
  `imgreg_idimgreg` int(11) NOT NULL,
  PRIMARY KEY (`idcantidad_anio`),
  KEY `fk_cantidad_anio_principal1_idx` (`principal_idprincipal`),
  KEY `fk_cantidad_anio_imgreg1_idx` (`imgreg_idimgreg`)
) ENGINE=InnoDB  DEFAULT CHARSET=utf8 AUTO_INCREMENT=589 ;

--
-- Volcado de datos para la tabla `cantidad_anio`
--

INSERT INTO `cantidad_anio` (`idcantidad_anio`, `principal_idprincipal`, `codigo`, `imgreg_idimgreg`) VALUES
(1, 14297780, 'JATECBTI01', 1),
(2, 5825122, 'JATECBTI02', 1),
(3, 1005752252, 'JATECBTI03', 1),
(4, 1108232921, 'JATECBTI04', 1),
(5, 1110525491, 'JATECBTI05', 1),
(6, 1110494677, 'JATECBTI06', 1),
(7, 1105684030, 'JATECBTI07', 1),
(8, 28951838, 'JATECBTI08', 1),
(9, 38142466, 'JATECBTI09', 1),
(10, 1012372339, 'JATECBTI10', 1),
(11, 1110559004, 'JATECBTI11', 1),
(12, 1110521547, 'JATECBTI12', 1),
(13, 2147483647, 'JATECBTI13', 1),
(14, 1019044201, 'JATECBTI14', 1),
(15, 1110527635, 'JATECBTI16', 1),
(16, 36454112, 'JATECBTI15', 1),
(17, 93395830, 'JATECBTI17', 1),
(18, 1110561938, 'JATECBTI18', 1),
(19, 1121830948, 'JATECBTI19', 1),
(20, 1110470512, 'JATECBTI20', 1),
(21, 1110518130, 'JATECBTI535', 1),
(22, 1110491776, 'JATECBTI22', 1),
(23, 1110539035, 'JATECBTI21', 1),
(24, 51792380, 'JATECBTI23', 1),
(25, 1110530449, 'JATECBTI24', 1),
(26, 1110520183, 'JATECBTI25', 1),
(27, 1030569550, 'JATECBTI26', 1),
(28, 1104705491, 'JATECBTI28', 1),
(29, 1110516434, 'JATECBTI27', 1),
(30, 5828923, 'JATECBTI29', 1),
(31, 1110532357, 'JATECBTI31', 1),
(32, 2147483647, 'JATECBTI30', 1),
(33, 1109843223, 'JATECBTI32', 1),
(34, 1105058715, 'JATECBTI33', 1),
(35, 1110555891, 'JATECBTI34', 1),
(36, 93238336, 'JATECBTI35', 1),
(37, 1110463268, 'JATECBTI37', 1),
(38, 79684910, 'JATECBTI36', 1),
(39, 1110521906, 'JATECBTI39', 1),
(40, 1110566957, 'JATECBTI38', 1),
(41, 1110508619, 'JATECBTI40', 1),
(42, 94281976, 'JATECBTI503', 1),
(43, 5819800, 'JATECBTI41', 1),
(44, 43537933, 'JATECBTI42', 1),
(45, 5826118, 'JATECBTI43', 1),
(46, 1110532538, 'JATECBTI46', 1),
(47, 1110516816, 'JATECBTI44', 1),
(48, 23781806, 'JATECBTI45', 1),
(49, 1110558684, 'JATECBTI47', 1),
(50, 1110558684, 'JATECBTI243', 1),
(51, 2147483647, 'JATECBTI493', 1),
(52, 93395137, 'JATECBTI537', 1),
(53, 1110529540, 'JATECBTI48', 1),
(54, 14139475, 'JATECBTI49', 1),
(55, 93235565, 'JATECBTI50', 1),
(56, 1110542055, 'JATECBTI51', 1),
(57, 1110491290, 'JATECBTI52', 1),
(58, 65633527, 'JATECBTI53', 1),
(59, 1105612451, 'JATECBTI525', 1),
(60, 1110472002, 'JATECBTI501', 1),
(61, 1082772493, 'JATECBTI54', 1),
(62, 1110529963, 'JATECBTI55', 1),
(63, 1080934705, 'JATECBTI57', 1),
(64, 1080932670, 'JATECBTI58', 1),
(65, 65779449, 'JATECBTI59', 1),
(66, 38362114, 'JATECBTI56', 1),
(67, 1110564762, 'JATECBTI60', 1),
(68, 12181127, 'JATECBTI62', 1),
(69, 1083909162, 'JATECBTI63', 1),
(70, 2147483647, 'JATECBTI64', 1),
(71, 1083885391, 'JATECBTI61', 1),
(72, 1110533920, 'JATECBTI65', 1),
(73, 2147483647, 'JATECBTI487', 1),
(74, 1081732501, 'JATECBTI66', 1),
(75, 1109381292, 'JATECBTI67', 1),
(76, 1012379864, 'JATECBTI68', 1),
(77, 1123330867, 'JATECBTI69', 1),
(78, 93409791, 'JATECBTI70', 1),
(79, 1105610709, 'JATECBTI71', 1),
(80, 1110570066, 'JATECBTI489', 1),
(81, 5995676, 'JATECBTI504', 1),
(82, 93362627, 'JATECBTI73', 1),
(83, 93239918, 'JATECBTI72', 1),
(84, 93336768, 'JATECBTI74', 1),
(85, 1069750859, 'JATECBTI75', 1),
(86, 1110457590, 'JATECBTI516', 1),
(87, 1110177510, 'JATECBTI77', 1),
(88, 1110524989, 'JATECBTI76', 1),
(89, 14396787, 'JATECBTI78', 1),
(90, 1110470690, 'JATECBTI513', 1),
(91, 38140578, 'JATECBTI79', 1),
(92, 1110234164, 'JATECBTI80', 1),
(93, 1110538993, 'JATECBTI81', 1),
(94, 1110538993, 'JATECBTI82', 1),
(95, 1007931546, 'JATECBTI83', 1),
(96, 1015443410, 'JATECBTI85', 1),
(97, 4888032, 'JATECBTI84', 1),
(98, 1110556592, 'JATECBTI86', 1),
(99, 53064502, 'JATECBTI87', 1),
(100, 111051276, 'JATECBTI527', 1),
(101, 2147483647, 'JATECBTI88', 1),
(102, 14230223, 'JATECBTI90', 1),
(103, 16726112, 'JATECBTI89', 1),
(104, 1110569451, 'JATECBTI91', 1),
(105, 1006006142, 'JATECBTI92', 1),
(106, 1110539082, 'JATECBTI93', 1),
(107, 1110524639, 'JATECBTI94', 1),
(108, 1110506362, 'JATECBTI95', 1),
(109, 1106772608, 'JATECBTI96', 1),
(110, 1083882554, 'JATECBTI97', 1),
(111, 28533802, 'JATECBTI536', 1),
(112, 1083895428, 'JATECBTI98', 1),
(113, 2147483647, 'JATECBTI99', 1),
(114, 93415396, 'JATECBTI100', 1),
(115, 1110545635, 'JATECBTI101', 1),
(116, 1110560723, 'JATECBTI103', 1),
(117, 1110061880, 'JATECBTI102', 1),
(118, 1110503524, 'JATECBTI104', 1),
(119, 1110503524, 'JATECBTI105', 1),
(120, 28917965, 'JATECBTI107', 1),
(121, 2147483647, 'JATECBTI108', 1),
(122, 1109383202, 'JATECBTI106', 1),
(123, 1110528027, 'JATECBTI109', 1),
(124, 1110466492, 'JATECBTI110', 1),
(125, 1105686016, 'JATECBTI111', 1),
(126, 1113632296, 'JATECBTI112', 1),
(127, 1110509329, 'JATECBTI113', 1),
(128, 1083880952, 'JATECBTI114', 1),
(129, 1007165579, 'JATECBTI115', 1),
(130, 5824328, 'JATECBTI117', 1),
(131, 1110472708, 'JATECBTI116', 1),
(132, 38144054, 'JATECBTI119', 1),
(133, 1110485194, 'JATECBTI118', 1),
(134, 1110544025, 'JATECBTI120', 1),
(135, 1110556239, 'JATECBTI122', 1),
(136, 1110561598, 'JATECBTI121', 1),
(137, 39668708, 'JATECBTI123', 1),
(138, 1105790019, 'JATECBTI124', 1),
(139, 36293202, 'JATECBTI125', 1),
(140, 1013655299, 'JATECBTI126', 1),
(141, 63433865, 'JATECBTI127', 1),
(142, 1083909330, 'JATECBTI128', 1),
(143, 1110538004, 'JATECBTI129', 1),
(144, 111023943, 'JATECBTI497', 1),
(145, 1083905380, 'JATECBTI130', 1),
(146, 1109493879, 'JATECBTI131', 1),
(147, 1110566192, 'JATECBTI132', 1),
(148, 1110549311, 'JATECBTI134', 1),
(149, 1109385736, 'JATECBTI133', 1),
(150, 1078246589, 'JATECBTI135', 1),
(151, 1110503218, 'JATECBTI136', 1),
(152, 93404131, 'JATECBTI137', 1),
(153, 1110460952, 'JATECBTI138', 1),
(154, 13992426, 'JATECBTI142', 1),
(155, 1110519893, 'JATECBTI141', 1),
(156, 1110571319, 'JATECBTI139', 1),
(157, 1110546160, 'JATECBTI140', 1),
(158, 1110574212, 'JATECBTI143', 1),
(159, 93138387, 'JATECBTI144', 1),
(160, 14396763, 'JATECBTI533', 1),
(161, 5828171, 'JATECBTI145', 1),
(162, 1070594944, 'JATECBTI146', 1),
(163, 1084250463, 'JATECBTI147', 1),
(164, 1110466463, 'JATECBTI152', 1),
(165, 14296440, 'JATECBTI148', 1),
(166, 1081397211, 'JATECBTI150', 1),
(167, 1110507689, 'JATECBTI156', 1),
(168, 1110531265, 'JATECBTI155', 1),
(169, 1105614321, 'JATECBTI154', 1),
(170, 39754197, 'JATECBTI149', 1),
(171, 1110468067, 'JATECBTI153', 1),
(172, 5823401, 'JATECBTI158', 1),
(173, 2234857, 'JATECBTI157', 1),
(174, 1110436978, 'JATECBTI530', 1),
(175, 83042957, 'JATECBTI159', 1),
(176, 1110540205, 'JATECBTI160', 1),
(177, 1110555221, 'JATECBTI161', 1),
(178, 1110506158, 'JATECBTI162', 1),
(179, 1192726633, 'JATECBTI163', 1),
(180, 2147483647, 'JATECBTI164', 1),
(181, 1105614184, 'JATECBTI165', 1),
(182, 2147483647, 'JATECBTI174', 1),
(183, 1110483559, 'JATECBTI170', 1),
(184, 1070590859, 'JATECBTI506', 1),
(185, 1110528528, 'JATECBTI171', 1),
(186, 1109495098, 'JATECBTI167', 1),
(187, 1109493516, 'JATECBTI172', 1),
(188, 1111453184, 'JATECBTI169', 1),
(189, 7722898, 'JATECBTI173', 1),
(190, 36285920, 'JATECBTI166', 1),
(191, 1110547116, 'JATECBTI168', 1),
(192, 2147483647, 'JATECBTI175', 1),
(193, 93406980, 'JATECBTI176', 1),
(194, 18400090, 'JATECBTI177', 1),
(195, 1110530204, 'JATECBTI488', 1),
(196, 1045668929, 'JATECBTI524', 1),
(197, 1110556406, 'JATECBTI178', 1),
(198, 1110444671, 'JATECBTI179', 1),
(199, 93128326, 'JATECBTI180', 1),
(200, 1110572265, 'JATECBTI494', 1),
(201, 1110536929, 'JATECBTI181', 1),
(202, 93471948, 'JATECBTI519', 1),
(203, 93237230, 'JATECBTI183', 1),
(204, 1105334082, 'JATECBTI182', 1),
(205, 93235678, 'JATECBTI517', 1),
(206, 93410969, 'JATECBTI185', 1),
(207, 1110509548, 'JATECBTI189', 1),
(208, 1110486763, 'JATECBTI186', 1),
(209, 1110492069, 'JATECBTI190', 1),
(210, 5822811, 'JATECBTI187', 1),
(211, 1110525563, 'JATECBTI184', 1),
(212, 1110549560, 'JATECBTI188', 1),
(213, 1110530150, 'JATECBTI191', 1),
(214, 1110498694, 'JATECBTI495', 1),
(215, 1109069210, 'JATECBTI199', 1),
(216, 1110539719, 'JATECBTI200', 1),
(217, 1110502406, 'JATECBTI194', 1),
(218, 1109385509, 'JATECBTI198', 1),
(219, 1110529816, 'JATECBTI196', 1),
(220, 2147483647, 'JATECBTI193', 1),
(221, 2147483647, 'JATECBTI197', 1),
(222, 93376975, 'JATECBTI195', 1),
(223, 14395447, 'JATECBTI201', 1),
(224, 1110557646, 'JATECBTI192', 1),
(225, 1110445582, 'JATECBTI202', 1),
(226, 1110543029, 'JATECBTI205', 1),
(227, 14297470, 'JATECBTI204', 1),
(228, 1110548813, 'JATECBTI206', 1),
(229, 1110561556, 'JATECBTI203', 1),
(230, 79636025, 'JATECBTI207', 1),
(231, 14254165, 'JATECBTI208', 1),
(232, 1075278334, 'JATECBTI209', 1),
(233, 1080933448, 'JATECBTI210', 1),
(234, 1110483176, 'JATECBTI213', 1),
(235, 1015404204, 'JATECBTI211', 1),
(236, 1110178156, 'JATECBTI212', 1),
(237, 1006116453, 'JATECBTI214', 1),
(238, 1019008599, 'JATECBTI215', 1),
(239, 1130671782, 'JATECBTI529', 1),
(240, 1110537791, 'JATECBTI216', 1),
(241, 10003651, 'JATECBTI217', 1),
(242, 1110548163, 'JATECBTI219', 1),
(243, 1108999525, 'JATECBTI218', 1),
(244, 5825739, 'JATECBTI220', 1),
(245, 2231457, 'JATECBTI223', 1),
(246, 1110454969, 'JATECBTI224', 1),
(247, 2147483647, 'JATECBTI226', 1),
(248, 1083903557, 'JATECBTI225', 1),
(249, 1083914797, 'JATECBTI221', 1),
(250, 93376115, 'JATECBTI222', 1),
(251, 1109265830, 'JATECBTI227', 1),
(252, 1110534393, 'JATECBTI228', 1),
(253, 1110062104, 'JATECBTI229', 1),
(254, 1110539772, 'JATECBTI233', 1),
(255, 1110477261, 'JATECBTI239', 1),
(256, 93205091, 'JATECBTI234', 1),
(257, 1110496411, 'JATECBTI238', 1),
(258, 1110505617, 'JATECBTI230', 1),
(259, 1010202886, 'JATECBTI235', 1),
(260, 1110509016, 'JATECBTI237', 1),
(261, 14395555, 'JATECBTI242', 1),
(262, 1110174019, 'JATECBTI240', 1),
(263, 1083899048, 'JATECBTI241', 1),
(264, 1110534251, 'JATECBTI236', 1),
(265, 65760112, 'JATECBTI232', 1),
(266, 1110496895, 'JATECBTI231', 1),
(267, 1110555000, 'JATECBTI490', 1),
(268, 1110565103, 'JATECBTI245', 1),
(269, 1082774042, 'JATECBTI246', 1),
(270, 2147483647, 'JATECBTI247', 1),
(271, 1110444232, 'JATECBTI248', 1),
(272, 66999201, 'JATECBTI249', 1),
(273, 1110514300, 'JATECBTI251', 1),
(274, 1110546120, 'JATECBTI250', 1),
(275, 1110569463, 'JATECBTI252', 1),
(276, 1110448434, 'JATECBTI254', 1),
(277, 1110443207, 'JATECBTI255', 1),
(278, 1077871330, 'JATECBTI253', 1),
(279, 1110531385, 'JATECBTI256', 1),
(280, 1005294425, 'JATECBTI257', 1),
(281, 1110501466, 'JATECBTI521', 1),
(282, 1010162168, 'JATECBTI258', 1),
(283, 14238495, 'JATECBTI259', 1),
(284, 1106484916, 'JATECBTI261', 1),
(285, 1110178615, 'JATECBTI260', 1),
(286, 28956188, 'JATECBTI262', 1),
(287, 1106771468, 'JATECBTI263', 1),
(288, 52960028, 'JATECBTI264', 1),
(289, 1110518453, 'JATECBTI265', 1),
(290, 38212863, 'JATECBTI266', 1),
(291, 1106783953, 'JATECBTI267', 1),
(292, 2236827, 'JATECBTI270', 1),
(293, 1110477963, 'JATECBTI271', 1),
(294, 38363041, 'JATECBTI268', 1),
(295, 28951076, 'JATECBTI269', 1),
(296, 1109291450, 'JATECBTI272', 1),
(297, 28935973, 'JATECBTI273', 1),
(298, 1110509913, 'JATECBTI274', 1),
(299, 1109244957, 'JATECBTI277', 1),
(300, 1110535580, 'JATECBTI275', 1),
(301, 1104705462, 'JATECBTI276', 1),
(302, 1110523500, 'JATECBTI278', 1),
(303, 2236633, 'JATECBTI508', 1),
(304, 1110536563, 'JATECBTI282', 1),
(305, 2147483647, 'JATECBTI280', 1),
(306, 1110554687, 'JATECBTI281', 1),
(307, 2147483647, 'JATECBTI279', 1),
(308, 1031121277, 'JATECBTI283', 1),
(309, 38361787, 'JATECBTI284', 1),
(310, 93414093, 'JATECBTI285', 1),
(311, 657966292, 'JATECBTI484', 1),
(312, 24332162, 'JATECBTI511', 1),
(313, 1110565365, 'JATECBTI286', 1),
(314, 110404792, 'JATECBTI500', 1),
(315, 1110555193, 'JATECBTI287', 1),
(316, 1077869102, 'JATECBTI288', 1),
(317, 1032438302, 'JATECBTI290', 1),
(318, 37995161, 'JATECBTI289', 1),
(319, 2147483647, 'JATECBTI291', 1),
(320, 1110496866, 'JATECBTI292', 1),
(321, 1105614189, 'JATECBTI293', 1),
(322, 38144994, 'JATECBTI294', 1),
(323, 1110502057, 'JATECBTI295', 1),
(324, 2147483647, 'JATECBTI297', 1),
(325, 2147483647, 'JATECBTI298', 1),
(326, 1110508237, 'JATECBTI299', 1),
(327, 65809485, 'JATECBTI300', 1),
(328, 1110542264, 'JATECBTI301', 1),
(329, 38211792, 'JATECBTI302', 1),
(330, 1110461495, 'JATECBTI510', 1),
(331, 38144924, 'JATECBTI303', 1),
(332, 2147483647, 'JATECBTI304', 1),
(333, 1110559067, 'JATECBTI305', 1),
(334, 1110547754, 'JATECBTI306', 1),
(335, 1084250486, 'JATECBTI307', 1),
(336, 93406449, 'JATECBTI309', 1),
(337, 93394682, 'JATECBTI308', 1),
(338, 1109005208, 'JATECBTI486', 1),
(339, 83041238, 'JATECBTI310', 1),
(340, 28540384, 'JATECBTI313', 1),
(341, 1015425653, 'JATECBTI312', 1),
(342, 1110544871, 'JATECBTI311', 1),
(343, 1110559401, 'JATECBTI316', 1),
(344, 1110493922, 'JATECBTI317', 1),
(345, 1110532353, 'JATECBTI314', 1),
(346, 1105786316, 'JATECBTI318', 1),
(347, 1022367006, 'JATECBTI315', 1),
(348, 1105613577, 'JATECBTI319', 1),
(349, 1104703912, 'JATECBTI320', 1),
(350, 1104703912, 'JATECBTI321', 1),
(351, 5971920, 'JATECBTI522', 1),
(352, 1106890481, 'JATECBTI534', 1),
(353, 1110548898, 'JATECBTI322', 1),
(354, 1080932241, 'JATECBTI323', 1),
(355, 1110516440, 'JATECBTI324', 1),
(356, 2147483647, 'JATECBTI325', 1),
(357, 1110482782, 'JATECBTI326', 1),
(358, 1083906426, 'JATECBTI327', 1),
(359, 38071015, 'JATECBTI296', 1),
(360, 1110538357, 'JATECBTI328', 1),
(361, 93237569, 'JATECBTI329', 1),
(362, 2147483647, 'JATECBTI330', 1),
(363, 1105610345, 'JATECBTI483', 1),
(364, 65732601, 'JATECBTI332', 1),
(365, 1109845452, 'JATECBTI331', 1),
(366, 1110551557, 'JATECBTI333', 1),
(367, 1075212370, 'JATECBTI335', 1),
(368, 93394103, 'JATECBTI334', 1),
(369, 1105612434, 'JATECBTI336', 1),
(370, 1070604356, 'JATECBTI340', 1),
(371, 14398005, 'JATECBTI338', 1),
(372, 11685370, 'JATECBTI341', 1),
(373, 65735635, 'JATECBTI337', 1),
(374, 1110540139, 'JATECBTI339', 1),
(375, 7714310, 'JATECBTI342', 1),
(376, 14136954, 'JATECBTI531', 1),
(377, 1110535037, 'JATECBTI343', 1),
(378, 14138613, 'JATECBTI344', 1),
(379, 93389362, 'JATECBTI345', 1),
(380, 1110526948, 'JATECBTI346', 1),
(381, 1110519450, 'JATECBTI496', 1),
(382, 1077869215, 'JATECBTI347', 1),
(383, 5821351, 'JATECBTI348', 1),
(384, 1110262533, 'JATECBTI351', 1),
(385, 1109383830, 'JATECBTI349', 1),
(386, 1110511460, 'JATECBTI350', 1),
(387, 1110518672, 'JATECBTI353', 1),
(388, 65500329, 'JATECBTI352', 1),
(389, 55190429, 'JATECBTI354', 1),
(390, 1110446118, 'JATECBTI355', 1),
(391, 6107713, 'JATECBTI356', 1),
(392, 12263998, 'JATECBTI357', 1),
(393, 1110565072, 'JATECBTI507', 1),
(394, 1106397258, 'JATECBTI358', 1),
(395, 1105789275, 'JATECBTI369', 1),
(396, 93418339, 'JATECBTI367', 1),
(397, 93404276, 'JATECBTI360', 1),
(398, 55179079, 'JATECBTI366', 1),
(399, 1024535249, 'JATECBTI368', 1),
(400, 93401154, 'JATECBTI363', 1),
(401, 1110526085, 'JATECBTI361', 1),
(402, 1110535166, 'JATECBTI359', 1),
(403, 1109004971, 'JATECBTI362', 1),
(404, 28951870, 'JATECBTI370', 1),
(405, 1083909277, 'JATECBTI364', 1),
(406, 1077856579, 'JATECBTI365', 1),
(407, 65793218, 'JATECBTI371', 1),
(408, 14010241, 'JATECBTI372', 1),
(409, 1101682166, 'JATECBTI526', 1),
(410, 65757813, 'JATECBTI373', 1),
(411, 38143800, 'JATECBTI374', 1),
(412, 1113665566, 'JATECBTI528', 1),
(413, 14699008, 'JATECBTI375', 1),
(414, 38360931, 'JATECBTI376', 1),
(415, 28544405, 'JATECBTI377', 1),
(416, 1110501216, 'JATECBTI378', 1),
(417, 1082128331, 'JATECBTI379', 1),
(418, 94420687, 'JATECBTI380', 1),
(419, 1110453983, 'JATECBTI387', 1),
(420, 38015449, 'JATECBTI391', 1),
(421, 93390998, 'JATECBTI389', 1),
(422, 1110549718, 'JATECBTI381', 1),
(423, 14399619, 'JATECBTI385', 1),
(424, 79005068, 'JATECBTI390', 1),
(425, 1110566592, 'JATECBTI384', 1),
(426, 1110529469, 'JATECBTI386', 1),
(427, 1110486354, 'JATECBTI383', 1),
(428, 65765852, 'JATECBTI520', 1),
(429, 93297504, 'JATECBTI382', 1),
(430, 1110533983, 'JATECBTI388', 1),
(431, 65763550, 'JATECBTI509', 1),
(432, 93377159, 'JATECBTI505', 1),
(433, 1080935122, 'JATECBTI394', 1),
(434, 1110539318, 'JATECBTI392', 1),
(435, 1083907877, 'JATECBTI393', 1),
(436, 28556516, 'JATECBTI395', 1),
(437, 5824596, 'JATECBTI396', 1),
(438, 14137745, 'JATECBTI397', 1),
(439, 1081182796, 'JATECBTI398', 1),
(440, 65775354, 'JATECBTI400', 1),
(441, 93394605, 'JATECBTI399', 1),
(442, 65782881, 'JATECBTI401', 1),
(443, 28968039, 'JATECBTI402', 1),
(444, 1110511945, 'JATECBTI403', 1),
(445, 1110529681, 'JATECBTI404', 1),
(446, 42149423, 'JATECBTI405', 1),
(447, 1109494005, 'JATECBTI498', 1),
(448, 93437438, 'JATECBTI406', 1),
(449, 12241626, 'JATECBTI407', 1),
(450, 1083897839, 'JATECBTI408', 1),
(451, 1110530630, 'JATECBTI409', 1),
(452, 1110505142, 'JATECBTI413', 1),
(453, 5829891, 'JATECBTI411', 1),
(454, 1110518564, 'JATECBTI416', 1),
(455, 1110541121, 'JATECBTI417', 1),
(456, 28542954, 'JATECBTI418', 1),
(457, 38140575, 'JATECBTI412', 1),
(458, 1110522150, 'JATECBTI414', 1),
(459, 2147483647, 'JATECBTI485', 1),
(460, 1110530791, 'JATECBTI410', 1),
(461, 65631217, 'JATECBTI415', 1),
(462, 1108831852, 'JATECBTI419', 1),
(463, 1105614040, 'JATECBTI420', 1),
(464, 1110547944, 'JATECBTI421', 1),
(465, 93380626, 'JATECBTI423', 1),
(466, 1110538762, 'JATECBTI422', 1),
(467, 1005712785, 'JATECBTI244', 1),
(468, 1110567370, 'JATECBTI425', 1),
(469, 65630864, 'JATECBTI424', 1),
(470, 2147483647, 'JATECBTI426', 1),
(471, 93134499, 'JATECBTI491', 1),
(472, 93401287, 'JATECBTI428', 1),
(473, 2147483647, 'JATECBTI427', 1),
(474, 65765899, 'JATECBTI545', 1),
(475, 1105676331, 'JATECBTI523', 1),
(476, 1110496819, 'JATECBTI539', 1),
(477, 1110516372, 'JATECBTI429', 1),
(478, 2147483647, 'JATECBTI430', 1),
(479, 1110507088, 'JATECBTI431', 1),
(480, 1110503445, 'JATECBTI433', 1),
(481, 1110458143, 'JATECBTI432', 1),
(482, 1030522489, 'JATECBTI434', 1),
(483, 1110460055, 'JATECBTI518', 1),
(484, 7548951, 'JATECBTI435', 1),
(485, 5829012, 'JATECBTI437', 1),
(486, 1110560117, 'JATECBTI436', 1),
(487, 1110464674, 'JATECBTI438', 1),
(488, 1110484260, 'JATECBTI439', 1),
(489, 65779938, 'JATECBTI440', 1),
(490, 1069750646, 'JATECBTI441', 1),
(491, 93413830, 'JATECBTI442', 1),
(492, 14395862, 'JATECBTI443', 1),
(493, 28539780, 'JATECBTI444', 1),
(494, 1108831604, 'JATECBTI446', 1),
(495, 1110534686, 'JATECBTI445', 1),
(496, 1018103933, 'JATECBTI447', 1),
(497, 1110530471, 'JATECBTI448', 1),
(498, 1110573745, 'JATECBTI449', 1),
(499, 2147483647, 'JATECBTI532', 1),
(500, 1109295875, 'JATECBTI451', 1),
(501, 1111196934, 'JATECBTI450', 1),
(502, 358357, 'JATECBTI452', 1),
(503, 1006118804, 'JATECBTI453', 1),
(504, 1110499085, 'JATECBTI454', 1),
(505, 1110492612, 'JATECBTI455', 1),
(506, 1110462977, 'JATECBTI456', 1),
(507, 12280992, 'JATECBTI459', 1),
(508, 1083880265, 'JATECBTI458', 1),
(509, 1110563093, 'JATECBTI460', 1),
(510, 1106482753, 'JATECBTI457', 1),
(511, 93415313, 'JATECBTI462', 1),
(512, 1023944410, 'JATECBTI461', 1),
(513, 1110519005, 'JATECBTI464', 1),
(514, 93380529, 'JATECBTI465', 1),
(515, 24338394, 'JATECBTI463', 1),
(516, 111055072, 'JATECBTI502', 1),
(517, 1110550722, 'JATECBTI466', 1),
(518, 13993039, 'JATECBTI467', 1),
(519, 93366025, 'JATECBTI468', 1),
(520, 1110493975, 'JATECBTI469', 1),
(521, 1110545788, 'JATECBTI470', 1),
(522, 65631858, 'JATECBTI471', 1),
(523, 1110565848, 'JATECBTI472', 1),
(524, 2147483647, 'JATECBTI474', 1),
(525, 5926476, 'JATECBTI475', 1),
(526, 1110462791, 'JATECBTI473', 1),
(527, 30294716, 'JATECBTI476', 1),
(528, 1110514064, 'JATECBTI477', 1),
(529, 1110448371, 'JATECBTI478', 1),
(530, 1110529729, 'JATECBTI479', 1),
(531, 1082126808, 'JATECBTI481', 1),
(532, 1030612898, 'JATECBTI480', 1),
(533, 79708504, 'JATECBTI482', 1),
(534, 1110525995, 'JATECBTI492', 1),
(535, 1110518130, 'JATECBTI535', 1),
(536, 94281976, 'JATECBTI503', 1),
(537, 2147483647, 'JATECBTI493', 1),
(538, 93395137, 'JATECBTI537', 1),
(539, 1105612451, 'JATECBTI525', 1),
(540, 1110472002, 'JATECBTI501', 1),
(541, 2147483647, 'JATECBTI487', 1),
(542, 1110570066, 'JATECBTI489', 1),
(543, 5995676, 'JATECBTI504', 1),
(544, 1110457590, 'JATECBTI516', 1),
(545, 1110470690, 'JATECBTI513', 1),
(546, 53064502, 'JATECBTI87', 1),
(547, 111051276, 'JATECBTI527', 1),
(548, 28533802, 'JATECBTI536', 1),
(549, 111023943, 'JATECBTI497', 1),
(550, 14396763, 'JATECBTI533', 1),
(551, 1110436978, 'JATECBTI530', 1),
(552, 1070590859, 'JATECBTI506', 1),
(553, 1045668929, 'JATECBTI524', 1),
(554, 1110572265, 'JATECBTI494', 1),
(555, 93471948, 'JATECBTI519', 1),
(556, 93235678, 'JATECBTI517', 1),
(557, 1110498694, 'JATECBTI495', 1),
(558, 14254165, 'JATECBTI208', 1),
(559, 1130671782, 'JATECBTI529', 1),
(560, 1110501466, 'JATECBTI521', 1),
(561, 2236633, 'JATECBTI508', 1),
(562, 657966292, 'JATECBTI484', 1),
(563, 24332162, 'JATECBTI511', 1),
(564, 110404792, 'JATECBTI500', 1),
(565, 1110461495, 'JATECBTI510', 1),
(566, 5971920, 'JATECBTI522', 1),
(567, 1106890481, 'JATECBTI534', 1),
(568, 1105610345, 'JATECBTI483', 1),
(569, 14136954, 'JATECBTI531', 1),
(570, 1110519450, 'JATECBTI496', 1),
(571, 1110565072, 'JATECBTI507', 1),
(572, 1101682166, 'JATECBTI526', 1),
(573, 1113665566, 'JATECBTI528', 1),
(574, 65765852, 'JATECBTI520', 1),
(575, 65763550, 'JATECBTI509', 1),
(576, 93377159, 'JATECBTI505', 1),
(577, 1109494005, 'JATECBTI498', 1),
(578, 2147483647, 'JATECBTI485', 1),
(579, 1105676331, 'JATECBTI523', 1),
(580, 1110460055, 'JATECBTI518', 1),
(581, 2147483647, 'JATECBTI532', 1),
(582, 111055072, 'JATECBTI502', 1),
(583, 1110525995, 'JATECBTI492', 1),
(584, 13511188, 'JATECBTI538', 1),
(588, 14297510, 'JATECBTI540', 1);

-- --------------------------------------------------------

--
-- Estructura de tabla para la tabla `centro_ubica`
--

CREATE TABLE IF NOT EXISTS `centro_ubica` (
  `idcentro_ubica` int(11) NOT NULL,
  `nubicacion` varchar(45) DEFAULT NULL,
  `tipo_centro` varchar(45) DEFAULT NULL,
  PRIMARY KEY (`idcentro_ubica`)
) ENGINE=InnoDB DEFAULT CHARSET=utf8;

--
-- Volcado de datos para la tabla `centro_ubica`
--

INSERT INTO `centro_ubica` (`idcentro_ubica`, `nubicacion`, `tipo_centro`) VALUES
(81100, 'OCANIA', 'CEAD'),
(81101, 'BARRANQUILLA', 'CEAD'),
(81102, 'VALLEDUPAR', 'CEAD'),
(81103, 'COROZAL', 'CEAD'),
(81104, 'CARTAGENA (BOLIVAR)', 'CEAD'),
(81111, 'BARRANQUILLA (UNI CARTAGENA)', 'CEAD'),
(81201, 'SANTA MARTA', 'CEAD'),
(81203, 'SAHAGUN', 'CCAV'),
(81301, 'LA GUAJIRA', 'CEAD'),
(82100, 'YOPAL', 'CEAD'),
(82101, 'DUITAMA', 'CEAD'),
(82102, 'SOGAMOSO', 'CEAD'),
(82103, 'FACATATIVA', 'CEAD'),
(82104, 'GACHETA', 'CEAD'),
(82105, 'GIRARDOT', 'CEAD'),
(82106, 'SOCHA', 'CERES'),
(82107, 'ZIPAQUIRA', 'CEAD'),
(82108, 'PITALITO', 'CEAD'),
(82109, 'BUCARAMANGA', 'CEAD'),
(82110, 'MALAGA', 'CEAD'),
(82111, 'VELEZ', 'CERES'),
(82112, 'LIBANO', 'CERES'),
(82113, 'IBAGUE', 'CEAD'),
(82114, 'SOATA', 'CEAD'),
(82150, 'TUNJA', 'CEAD'),
(82200, 'LA PLATA HUILA', 'CERES'),
(82201, 'BOAVITA', 'CERES'),
(82202, 'CHIQUINQUIRA', 'CEAD'),
(82203, 'GARAGOA', 'CERES'),
(82204, 'PAMPLONA', 'CEAD'),
(82205, 'NEIVA', 'CCAV'),
(82210, 'ALBANIA', 'OTRO'),
(82215, 'CARTAGENA DEL CHAIRA', 'OTRO'),
(82220, 'DONCELLO', 'OTRO'),
(82300, 'MARIQUITA', 'CERES'),
(83101, 'LA DORADA', 'CEAD'),
(83102, 'POPAYAN', 'CEAD'),
(83103, 'PASTO', 'CEAD'),
(83104, 'PALMIRA', 'CEAD'),
(83201, 'MEDELLIN', 'CEAD'),
(83203, 'SANTANDER DE QUILICHAO', 'CERES'),
(83204, 'TURBO', 'CEAD'),
(83300, 'EJE CAFETERO (PEREIRA)', 'CCAV'),
(83410, 'MISTRATO', 'OTRO'),
(83510, 'QUINCHIA', 'OTRO'),
(84101, 'ACACIAS', 'CEAD'),
(84202, 'SAN JOSE DEL GUAVIARE', 'CEAD'),
(85201, 'FLORENCIA', 'CEAD'),
(86100, 'CENED', 'CEAD'),
(86101, '(BOGOTA Cra 30) JOSE ACEVEDO Y GÓMEZ', 'CEAD'),
(86104, 'ARBELAEZ', 'CEAD'),
(86201, 'BACHILLERATO A DISTANCIA BOGOTA', 'OTRO'),
(87001, 'PTO CARRENIO', 'CEAD'),
(87005, 'QUIBDO', 'CEAD'),
(87006, 'CUMARAL', 'CERES'),
(87007, 'PUERTO CALDAS', 'CERES'),
(87008, 'EL BORDO', 'CERES'),
(87009, 'VALLE DEL GUAMUEZ', 'CERES'),
(87010, 'SAN VICENTE DEL CAGUAN', 'CERES'),
(87011, 'El Banco (MAGDALENA)', 'CERES'),
(87012, 'El Plato (MAGDALENA)', 'CERES'),
(87013, 'CURUMANI', 'CERES'),
(87014, 'SARAVENA', 'CEAD'),
(87015, 'CUBARA', 'UDR'),
(90001, 'CNAD FLORIDA', 'CEAD'),
(99991, 'SOACHA', 'UDR'),
(99992, 'CUCUTA', 'CCAV'),
(99993, 'TUMACO', 'UDR'),
(99994, 'LETICIA', 'UDR'),
(99995, 'OTROS CENTROS', 'OTRO'),
(99996, 'INDEPENDIENTE', 'OTRO'),
(99997, 'INSTITUCION EXTERNA', 'OTRO'),
(99998, 'ESCUELA DE POSTGRADOS', 'OTRO');

-- --------------------------------------------------------

--
-- Estructura de tabla para la tabla `imgreg`
--

CREATE TABLE IF NOT EXISTS `imgreg` (
  `idimgreg` int(11) NOT NULL AUTO_INCREMENT,
  `imganio` int(45) DEFAULT NULL,
  `localimagen` varchar(50) DEFAULT NULL,
  PRIMARY KEY (`idimgreg`)
) ENGINE=InnoDB  DEFAULT CHARSET=utf8 AUTO_INCREMENT=6 ;

--
-- Volcado de datos para la tabla `imgreg`
--

INSERT INTO `imgreg` (`idimgreg`, `imganio`, `localimagen`) VALUES
(1, 2014, 'images/001.jpg');

-- --------------------------------------------------------

--
-- Estructura de tabla para la tabla `principal`
--

CREATE TABLE IF NOT EXISTS `principal` (
  `idcedula` int(11) NOT NULL,
  `pnombre` varchar(45) CHARACTER SET utf8 DEFAULT NULL,
  `papellido` varchar(45) CHARACTER SET utf8 DEFAULT NULL,
  `papellido2` varchar(45) CHARACTER SET utf8 DEFAULT NULL,
  `pcorreo` varchar(45) CHARACTER SET utf8 DEFAULT NULL,
  `ptel` varchar(15) CHARACTER SET utf8 DEFAULT NULL,
  `centro_ubica_idcentro_ubica` int(11) NOT NULL,
  `unidad_estado_idunidad_estado` int(11) NOT NULL,
  `tipo_idtipo` int(11) NOT NULL,
  PRIMARY KEY (`idcedula`),
  KEY `fk_principal_centro_ubica1_idx` (`centro_ubica_idcentro_ubica`),
  KEY `fk_principal_unidad_estado1_idx` (`unidad_estado_idunidad_estado`),
  KEY `fk_principal_tipo1_idx` (`tipo_idtipo`)
) ENGINE=InnoDB DEFAULT CHARSET=latin7;

--
-- Volcado de datos para la tabla `principal`
--

INSERT INTO `principal` (`idcedula`, `pnombre`, `papellido`, `papellido2`, `pcorreo`, `ptel`, `centro_ubica_idcentro_ubica`, `unidad_estado_idunidad_estado`, `tipo_idtipo`) VALUES
(358357, 'ROMEO EDUARDO', 'VALLADARES', 'DE LEON', 'rome7cristhking@hotmail.com', '3102240433', 82113, 8, 1),
(2231457, 'HENRY FERNEY', 'LOPEZ', 'GUTIERREZ', 'MANGOLOPEZ1@GMAIL.COM', '3214167630', 82113, 8, 1),
(2234857, 'JOHANN ALBERTO', 'GARZON', 'BONILLA', 'johangarzon10@hotmail.com', '3012592447', 82113, 8, 1),
(2236633, 'EYDER ARMANDO', 'MORA', 'S?NCHEZ', '', '', 82113, 8, 1),
(2236827, 'FABIAN AUGUSTO', 'MOLINA', 'MARTINEZ', 'famolinam@hotmail.com', '3172654062', 82113, 8, 1),
(4888032, 'YESID ', 'CASTA?O', 'OSCAR', 'oscaryesid1962@hotmail.com', '3102711756', 82108, 8, 1),
(5819800, 'EDSON DANIEL', 'BENITEZ', 'RODRIGUEZ', 'edsondanielbr@gmail.com', '3177115850', 82113, 8, 1),
(5821351, 'FERNANDO AUGUSTO', 'POVEDA', 'AGUJA', 'ingepov@hotmail.com', '3133950912', 82113, 8, 1),
(5822811, 'JULIAN ', 'GUZMAN', 'MOSQUERA', 'julianguzmos@hotmail.com', '3163653541', 82113, 8, 1),
(5823401, 'EDWIN DORANCE', 'GARZON', 'CARRILLO', 'edgarzon123hotmail.com', '3167408612', 82113, 8, 1),
(5824328, 'FABIAN ', 'DELGADO', 'ROMERO', 'delgadoyf80@hotmail.com', '3212209480', 82113, 8, 1),
(5824596, 'ANDRES ANIBAL', 'RONDON', '', 'arondoncas@hotmail.com', '3185105977', 82113, 7, 1),
(5825122, 'HERNAN DARIO', 'AGUDELO', 'CERVERA', 'hedaagce@hotmail.com', '3174299581', 82113, 8, 1),
(5825739, 'JUAN GUILLERMO', 'LONDO?O', 'GONZALEZ', 'juanglg2@gmail.com', '3113052674', 82113, 8, 1),
(5826118, 'ALVARO ANDRES', 'BERNAL', 'CABEZAS', 'andbernal0729@hotmail.es', '316701538', 82113, 8, 1),
(5828171, 'JUAN DAVID', 'GALINDO', 'HERNANDEZ', 'kamygama0127@hotmail.com', '3134846900', 82113, 8, 1),
(5828923, 'IVAN DARIO', 'ARISTIZABAL', 'LOPEZ', 'ivan.aristizabal@hotmail.es', '3162395251', 82113, 8, 1),
(5829012, 'ADRIAN FERNEY', 'TORRES', 'MONTOYA', 'adriantorresmontoya@hotmail.com', '5829012', 82113, 8, 1),
(5829891, 'JOSE FERNANDO', 'SANCHEZ', 'GOMEZ', 'felipesanjas@hotmail.com', '3164315772', 82113, 8, 1),
(5926476, 'JAVIER ALEXANDER', 'VILLARREAL', 'VILLANUEVA', 'villarreal_javier@hotmail.com', '3166100344', 82113, 8, 1),
(5971920, 'JAVIER ', 'OYOLA', 'VAQUIRO', '', '', 82113, 8, 1),
(5995676, 'ARNULFO ', 'CAMACHO', 'RINCON', '', '', 82113, 8, 1),
(6107713, 'EDWIN JAVIER', 'QUINTERO', 'CHARRY', 'edwinjcharry@gmail.com', '3122472478', 82113, 8, 1),
(7548951, 'ORLANDO ', 'TORO', 'RAMIREZ', 'orlandotoror@gmail.com', '3138859368', 82113, 8, 1),
(7714310, 'MAURICIO ', 'PERDOMO', 'VARGAS', 'maperva08@gmail.com', '3185133919', 82200, 8, 1),
(7722898, 'CARLOS ANDR?S', 'G?MEZ', 'VARGAS', 'carlosa.gomez@unad.edu.co', '3002191375', 82108, 8, 1),
(10003651, 'OMAR LEONAR', 'LEYTON', 'MENDIETA', 'leytonco@hotmail.com', '10003651', 82112, 8, 1),
(11685370, 'JHOAN JESUS', 'PERDOMO', 'SAAVEDRA', 'jperdomo1594@yahoo.es', '3114566094', 82113, 8, 1),
(12181127, 'FAIVER HERNEY', 'BRAVO', 'JAMIOY', 'faivertkd@gmail.com', '3103409882', 82108, 8, 1),
(12241626, 'ALEXANDER ', 'SAMBONI', '', 'asonaki@hotmail.com', '3178947840', 82108, 8, 1),
(12263998, 'GERMAN ', 'QUINTERO', 'ROJAS', 'german-quiro@hotmail.com', '3152341298', 82108, 8, 1),
(12280992, 'CARLOS ANDRES', 'VARGAS', 'RODRIGUEZ', 'cavddr@hotmail.com', '3108626704', 82200, 8, 1),
(13511188, 'JAVIER HUMBERTO', 'PINTO ', 'DIAZ ', 'pinto_javier@hotmail.com  ', ' 123', 82113, 8, 1),
(13992426, 'DIEGO RAUL', 'FORERO', 'NIVIA', 'digof28@hotmail.com', '3107819346', 82113, 8, 1),
(13993039, 'OSCAR JULIAN', 'VEGA', 'MORENO', 'ovega1555@gmail.com', '3124013595', 82113, 8, 1),
(14010241, 'EDWIN MAURICIO', 'RAYO', 'CAMACHO', 'emrc21@hotmail.com', '3115991973', 82113, 8, 1),
(14136954, 'MAURICIO ', 'PER?Z', 'CASTILLO', '', '', 82113, 8, 1),
(14137745, 'JULIAN ANDRES', 'ROZO', 'GOMEZ', 'jarg228@gmail.com', '3143284025', 82113, 8, 1),
(14138613, 'JUAN MIGUEL', 'PIRAZ?N', 'GUTIERREZ', 'jmpirazan@gmail.com', '3115775523', 82113, 8, 1),
(14139475, 'CESAR AUGUSTO', 'BETANCUR', 'NI?O', 'ces_bet_@hotmail.com', '3012653660', 82113, 7, 1),
(14230223, 'AUGUSTO ', 'CASTRO', 'TRIANA', 'aucastri@gmail.com', '3002712521', 82113, 8, 1),
(14238495, 'ALEJANDRO ', 'MENDEZ', 'GONZALEZ', 'amendez.unad1@gmail.com', '3002140790', 82113, 8, 1),
(14254165, 'JOHANY ALEXIS', 'HUERTAS', 'HENAO', '0', '3163388899', 82113, 8, 1),
(14296440, 'EDER ANDRES', 'GARCIA', 'CRUZ', 'andresgar08@hotmail.com', '3003913459', 82113, 8, 1),
(14297470, 'CARLOS ALBERTO', 'HERRERA', 'LOPEZ', 'vegy1414@hotmail.com', '3166344722', 82113, 8, 1),
(14297510, 'Darwin Yusef ', 'Gonzalez ', 'Triana ', 'darwin.gonzalez@unad.edu.co ', '3202051241', 82113, 5, 1),
(14297780, 'JAIME ALEJANDRO', 'ACOSTA', 'MIRQUEZ', 'j_a_i_m_e_a_a_m@hotmail.com', '3214984234', 82113, 8, 1),
(14395447, 'LUIS OCTAVIO', 'HERNANDEZ', 'VERU', 'zhintan@gmail.com', '3168923319', 82113, 8, 1),
(14395555, 'MARCO ANTONIO', 'LOZANO', 'TORRES', 'repuestosyservicioshonda@hotmail.com', '3183892450', 82113, 8, 1),
(14395862, 'JHON ALEXANDER', 'TRIANA', 'ARCILA', 'jhon_trianarcila@hotmail.com', '3115946422', 82113, 8, 1),
(14396763, 'ROGER ', 'GALEANO', 'RUBIO', '', '', 82113, 8, 1),
(14396787, 'JASON ', 'CARDENAS', 'DELGADO', 'jeycar7@hotmail.com', '3202399848', 82113, 7, 1),
(14398005, 'DIEGO ALEXANDER', 'PERDOMO', 'D?AZ', 'dperdomod@hotmail.com', '3005512223', 82113, 8, 1),
(14399619, 'JAVIER ERNESTO', 'RODRIGUEZ', 'HERNANDEZ', 'javier5029@hotmail.com', '3164909677', 82113, 8, 1),
(14699008, 'DAVID ', 'REYES', 'LIZUNDIA', 'h1ck2r@hotmail.com', '3142718076', 82113, 8, 1),
(16726112, 'SEBASTIAN ', 'CASTRO', 'OLARTE', 'metalblack40@hotmail.com', '31115415401', 82113, 8, 1),
(18400090, 'JUAN DAVID', 'GONZALEZ', '', 'juanchogonzlez33@gmail.com', '3138483684', 82113, 8, 1),
(23781806, 'LAURA MARCELA', 'BERNAL', 'SAENZ', 'lmarcela@yahoo.com', '3188199845', 82113, 8, 1),
(24332162, 'MARYLUZ ', 'MORENO', 'MARIN', '', '', 82113, 8, 1),
(24338394, 'LADY YULIANA', 'VASQUEZ', 'OSORIO', 'ladypersonal2013@gmail.com', '3128662972', 82113, 8, 1),
(28533802, 'BEATRIZ ', 'CIFUENTES', '', '', '', 82113, 8, 1),
(28539780, 'DIANA KATHERINE', 'TRILLEROS', 'MOICA', 'kathytrilleros@gmail,com', '3166283851', 82113, 8, 1),
(28540384, 'DIANA MARCELA', 'OSORIO', 'L?PEZ', 'diani640@hotmail.com', '3213938858', 82113, 8, 1),
(28542954, 'MARYURIS MILENA', 'SANCHEZ', 'VELANDIA', 'mar-mile@hotmail.com', '3176199849', 82113, 8, 1),
(28544405, 'CAROLINA ', 'RICO', 'CIFUENTES', 'caricire@hotmail.com', '3186697826', 82113, 8, 1),
(28556516, 'LINDA JOHANNA', 'ROMERO', 'MORALES', 'lijo.26@hotmail.com', '3156143837', 82113, 8, 1),
(28917965, 'ETNA PATRICIA', 'CRUZ', 'MURILLO', 'ptty23@gmail.com', '3103248980', 82113, 8, 1),
(28935973, 'SANDRA YAMILE', 'MONROY', 'PEREA', 'sandramperea@gmail.com', '3118788970', 82113, 8, 1),
(28951076, 'SORAYDA ', 'MOLINA', 'D?AZ', 'soraydamolinadiaz@hotmail.com', '3123895983', 82113, 8, 1),
(28951838, 'DORA ELENA', 'ALARC?N', 'OSORIO', 'doralarcon123@hotmail.com', '3208993395', 82113, 8, 1),
(28951870, 'YENI PAOLA', 'RAMIREZ', 'SANCHEZ', '0883yeni_pao@hotmail.com', '3134233182', 82113, 8, 1),
(28956188, 'ALBA CLEMENCIA', 'MENDIETA', '', 'sol-dianita@hotmail.com', '3106791473', 82113, 8, 1),
(28968039, 'MARLODY ', 'RUGELES', 'VARON', 'mrugelesv@unadvirtual.edu.co', '3185408758', 82113, 8, 1),
(30294716, 'MARTA CECILIA', 'VINASCO', 'GUZM?N', 'marta.vinasco@gmail.com', '3185145049', 82108, 8, 1),
(36285920, 'MIREYA ', 'G?MEZ', 'ARGOTE', 'mireya.gomez@unad.edu.co', '3214187819', 82108, 8, 1),
(36293202, 'CLAUDIA MARCELA', 'D?AZ', 'SCARPETTA', 'claudia.diaz@unad.edu.co', '3173848219', 82108, 8, 1),
(36454112, 'YARIS ANGELICA', 'ANDRADE', 'QUINTERO', 'yarisangelicaandradeq@hotmail.com', '3123232273', 82113, 8, 1),
(37995161, 'ELIZABETH ', 'MU?OZ', 'JIMENEZ', 'emili221222@misena.edu.co', '3123781048', 82113, 8, 1),
(38015449, 'BRENDA JOBANNA', 'RODRIGUEZ', 'REYES', 'brendajobannarr@gmail.com', '3133142662', 82113, 8, 1),
(38071015, 'NIDIA YOHANA', 'PARADA', 'SIERRA', 'yohana97@gmail.com', '3125804532', 82112, 8, 1),
(38140575, 'NEILA ', 'SANCHEZ', 'GUEPENDO', 'neisaguapa@hotmail.com', '3124206808', 82113, 8, 1),
(38140578, 'ANA RUBIELA', 'CARMONA', 'OCHOA', 'anita.jal@hotmail.com', '3114551748', 82113, 8, 1),
(38142466, 'LILIANA ', 'ALBARRACIN', 'CORREDOR', 'cachetica3033@hotmail.com', '3184047502', 82113, 8, 1),
(38143800, 'ELIZABETH ', 'RESTREPO', 'SARABANDA', 'elizayemily@hotmail.com', '3152141900', 82113, 8, 1),
(38144054, 'DIANA MARCELA', 'DEVIA', 'CHAVEZ', 'dimade4@hotmail.com', '3176436458', 82113, 8, 1),
(38144924, 'ALEJANDRA ', 'ORDO?EZ', 'BORRERO', 'victoriavilla55@hotmail.com', '3134096248', 82113, 8, 1),
(38144994, 'JOHANA MARIA', 'NAVARRO', 'PORTELA', 'JOHANAMARIANAVARRO@GMAIL.COM', '0', 82113, 7, 1),
(38211792, 'LEIDY JULIETH', 'OCHOA', 'GOMEZ', 'leidy.ochoa@hotmail.com', '3103006010', 82113, 8, 1),
(38212863, 'CAROLINA ', 'MIRANDA', 'JIMENEZ', 'carito-02@hotmail.com', '3123839232', 82113, 8, 1),
(38360931, 'JORLY KATIANA', 'RIA?O', 'SANDOVAL', 'yobarika@gmail.com', '3173789944', 82113, 8, 1),
(38361787, 'ODIYANCELY ', 'MORALES', 'PATI?O', 'odiyan19@hotmail.com', '3143122897', 82113, 8, 1),
(38362114, 'VIVIANA ', 'BONILLA', 'BARRETO', 'viviana.b.b@hotmail.com', '3142565772', 82113, 8, 1),
(38363041, 'NATALIA ', 'MOLINA', 'AR?VALO', 'ing.natalia.molina@gmail.com', '3176356005', 82113, 8, 1),
(39668708, 'MARTHA LUCIA', 'DIAZ', 'GOMEZ', 'marludigo@hotmail.com', '3117177507', 82113, 8, 1),
(39754197, 'YAMILE ', 'GARCIA', 'GUIZA', 'y_garcia79@hotmail.com', '3138173947', 82113, 8, 1),
(42149423, 'NATALIA ANDREA', 'SALAZAR', 'CAMACHO', 'natalia.salazar@unad.edu.co', '3175024120', 82113, 8, 1),
(43537933, 'ANA ZULIMA', 'BERMUDEZ', 'CHAC?N', 'anazulymab02@hotmail.es', '3132893321', 82113, 8, 1),
(51792380, 'ESTELIA ', 'ARCILA', 'ARCILA', 'estelar0565@hotmail.com', '3107819550', 82113, 8, 1),
(52960028, 'ANDREA DEL', 'MESA', 'CAMPOS', 'andrey_mesa@hotmail.com', '3214710075', 82113, 8, 1),
(53064502, 'ANABEL ', 'CASTIBLANCO', 'CELIS', '', '11', 82113, 8, 1),
(55179079, 'BIAYNED ', 'RAMIREZ', 'PINEDA', 'birapi@hotmail.com', '3165461803', 82113, 8, 1),
(55190429, 'DIANA PAOLA', 'PUENTES', 'PACHECO', 'dp31828@hotmail.com', '3118879638', 82108, 8, 1),
(63433865, 'MARIA MAGALES', 'DUARTE', 'SERRANO', 'magali.ds@hotmail.com', '3142220234', 82113, 8, 1),
(65500329, 'MARIA MAGALY', 'PRIETO', 'ALVAREZ', 'magprial@hotmail.com', '65500329', 82113, 8, 1),
(65630864, 'JEAMMY JULIETH', 'SIERRA', 'HERN?NDEZ', 'jeammy.sierra@gmail.com', '3164370817', 82113, 8, 1),
(65631217, 'JENNY TATIANA', 'S?NCHEZ', 'OCHOA', 'tatys8405@hotmail.com', '3007867225', 82113, 8, 1),
(65631858, 'DIANA CAROLINA', 'VERJAN', 'AVILA', 'diana.verjan@unad.edu.co', '3123080811', 82113, 7, 1),
(65633527, 'MARTHA CRISTINA', 'BOCANEGRA', 'GUERRA', 'marthabocanegra16@hotmail.com', '3115820770', 82113, 8, 1),
(65732601, 'NUBIA YICED', 'PAYANENE', 'MORALES', 'nubiapayanene@hotmail.com', '3132158701', 82113, 8, 1),
(65735635, 'LILIANA ', 'PERDOMO', 'BALLESTEROS', 'liliperdomo83@hotmail.com', '3112587526', 82113, 8, 1),
(65757813, 'DAYEIRA SNITH', 'RESTREPO', 'RIVERA', 'dayeira.snith@hotmail.com', '3105591433', 82113, 8, 1),
(65760112, 'SIGNEY ', 'LOZANO', 'CARRERA', 'signey_lozano_carrera@hotmail.com', '3202677722', 82113, 8, 1),
(65763550, 'FRANCENID ', 'RODR?GUEZ', 'CEBALLOS', '', '', 82113, 8, 1),
(65765852, 'LUZ YOLANDA', 'RODRIGUEZ', 'GUEVARA', '', '', 82113, 8, 1),
(65765899, 'EDNA RUTH', 'SUACHE', '', 'ednasuache@hotmail.es', '3155666353', 82113, 8, 1),
(65775354, 'CARMEN EMILIA', 'RUBIO', 'VANEGAS', 'sena_emyrubio@hotmail.com', '3016325097', 82113, 8, 1),
(65779449, 'MENFY ', 'BONILLA', 'LOZANO', 'mechas077@hotmail.com', '3182319246', 82113, 8, 1),
(65779938, 'SANDY SIDNEY', 'TORRES', 'SILVA', 'sandy.torres@unad.edu.co', '3178681125', 82113, 7, 1),
(65782881, 'GLORIA ALEJANDRA', 'RUBIO', 'VANEGAS', 'alejarub@gmail.com', '3012092445', 82113, 8, 1),
(65793218, 'MAR?A LUISA', 'RAMOS', 'MATIZ', 'malura07@hotmail.com', '3144430643', 82113, 8, 1),
(65809485, 'ELENA PATRICIA', 'OCAMPO', '', 'ocampohelena0@gmail.com', '3144881458', 82113, 8, 1),
(66999201, 'PAOLA ANDREA', 'MARMOLEJO', 'HURTADO', 'paolamarmolejo17@gmail.com', '3168272034', 82113, 8, 1),
(79005068, 'JAVIER LEONARDO', 'RODRIGUEZ', 'RAMIREZ', 'javierlrr2@hotmail.com', '3166988716', 82113, 7, 1),
(79636025, 'LUIS GERMAN', 'HUERFANO', 'LADINO', 'luisgermanhuerfano@gmail.com', '3152632513', 82113, 8, 1),
(79684910, 'MAWER ', 'BARBOSA', 'ARIAS', 'mawer.barbosa@yahoo.com', '3007456494', 82113, 8, 1),
(79708504, 'NOEL JAIR', 'ZAMBRANO', 'SANCHEZ', 'zambranodses@yahoo.es', '3132503180', 82113, 8, 1),
(83041238, 'JULI?N ANDR?S', 'ORTIZ', 'VARGAS', 'julortizv@misena.edu.co', '3213676464', 82108, 8, 1),
(83042957, 'WILLIAM FERNANDO', 'GASCA', 'CALDER?N', 'juanestebangasca@gmail.com', '3157577702', 82108, 8, 1),
(93128326, 'ALVARO ', 'GUAYARA', 'ARCINIEGAS', 'elnegris1973@hotmail.com', '3115049329', 82113, 8, 1),
(93134499, 'DIEGO FERNANO', 'SOTO', 'PRADA', 'DIEGOF.SOTOP@GMAIL.COM', '2648800', 82113, 8, 1),
(93138387, 'OLMAN GABRIEL', 'GALEANO', 'OVIEDO', 'galeano02@hotmail.com', '3118651669', 82113, 8, 1),
(93205091, 'HENRY ', 'LOZANO', '', 'henry.lozano@claro.com.co', '3202755398', 82113, 8, 1),
(93235565, 'JOHN MAURICIO', 'BLANCO', 'ALFONSO', 'mauricio09blanco@hotmail.com', '3208556183', 82113, 8, 1),
(93235678, 'CARLOS ANDRES', 'GUZMAN', '', '', '', 82113, 8, 1),
(93237230, 'JOHNNY ', 'GUTIERREZ', 'MONTES', 'guti8513@gmail.com', '3166232187', 82113, 8, 1),
(93237569, 'RAM?N ', 'PAREJA', '', 'rapaso2011@hotmail.com', '3123097290', 82108, 8, 1),
(93238336, 'ALBERTO ', 'BALLARES', 'LUIS', 'albertoballaresg@hotmail.com', '3133216042', 82113, 8, 1),
(93239918, 'RA?L ', 'CAMACHO', 'BRI?EZ', 'raultutorunad@gmail.com', '3144494459', 82113, 8, 1),
(93297504, 'RICARDO ALBERTO', 'RODRIGUEZ', 'FIGUEROA', 'rarodriguezfi@hotmail.com', '3186951778', 82113, 8, 1),
(93336768, 'ELBER FERNANDO', 'CAMELO', 'QUINTERO', 'ferchok1@hotmail.com', '3012429897', 82113, 8, 1),
(93362627, 'JUAN JOS', 'CAMACHO', '', 'juan.camacho5564@gmail.com', '3182032404', 82113, 8, 1),
(93366025, 'JORGE ARLEX', 'VELASQUEZ', 'BELTRAN', 'joarlex22@outlook.com', '3125879433', 82113, 8, 1),
(93376115, 'RODOLFO ', 'L?PEZ', 'GARIBELLO', 'rlopez.unad@gmail.com', '3132404342', 82113, 8, 1),
(93376975, 'JULIO CESAR', 'HERNANDEZ', 'GUTIERREZ', 'julio.hernandez@unad.edu.co', '3217799934', 82113, 7, 1),
(93377159, 'EVERARDO ', 'ROJAS', 'CASAS', '', '', 82113, 8, 1),
(93380529, 'JORGE YESID', 'VASQUEZ', 'REY', 'jorvas70@ieisena.edu.co', '3108871835', 82113, 8, 1),
(93380626, 'LEONARDO ', 'SERRANO', 'CONDE', 'rinoceronte5320@hotmail.com', '3106987839', 82113, 8, 1),
(93389362, 'JAMES RICARDO', 'PLAZAS', 'MERCHAN', 'jricardoplazas@gmail.com', '3163694550', 82113, 8, 1),
(93390998, 'CELSO JAVIER', 'RODRIGUEZ', 'PIZZA', 'cjgafis@gmail.com', '3133935599', 82113, 8, 1),
(93394103, 'LUIS ANGEL', 'PE?A', 'SIERRA', 'luanpe26@hotmail.com', '3153498701', 82113, 8, 1),
(93394605, 'ERNEY ', 'RUBIO', 'BOCANEGRA', 'erny2525@hotmail.com', '3186999843', 82113, 8, 1),
(93394682, 'WILLIAM GERMAN', 'ORTEGON', 'CARROSO', 'ortegon.william@hotmail.com', '3114467321', 82113, 8, 1),
(93395137, 'RAUL ', 'BETANCOURT', 'LOMBO', '', '', 82113, 8, 1),
(93395830, 'LUIS MIGUEL', 'ANGARITA', 'BUENAVENTURA', 'migueldavid075@gmai.com', '3186037094', 82113, 8, 1),
(93401154, 'JOHN FREDY', 'RAMIREZ', 'LOPEZ', 'jfralo@hotmail.es', '3105712456', 82113, 8, 1),
(93401287, 'JAIME ANDRES', 'SOTO', 'GUERRA', 'andreseventoestrategico@yahoo.com', '3112193556', 82113, 8, 1),
(93404131, 'NILSON ALBEIRO', 'FERREIRA', 'MANZANARES', 'NILSONFV@GMAIL.COM', '3158001598', 82113, 8, 1),
(93404276, 'ANDRES ENRIQUE', 'RAMIREZ', 'GALINDO', 'anyu.10ero@yahoo.es', '3158004571', 82113, 8, 1),
(93406449, 'MILTON FERNANDO', 'ORTEGON', 'PAVA', 'miltonfer78@hotmail.com', '3102045423', 82113, 8, 1),
(93406980, 'JOHN FREDY', 'GONZALEZ', 'BARRIOS', 'jhon.gonzalez.b@claro.com.co', '3202755429', 82113, 8, 1),
(93409791, 'ISMAEL ', 'CABRERA', 'FIGUEROA', 'ismaelcabreraf@gmail.com', '3168659371', 82113, 8, 1),
(93410969, 'DANIEL ANDRES', 'GUZMAN', 'AREVALO', 'daanguz@hotmail.com', '3045635678', 82113, 8, 1),
(93413830, 'PABLO ANDRES', 'TOVAR', 'GUERRA', 'chuspablo@hotmail.com', '3152809808', 82113, 8, 1),
(93414093, 'YEISON ARNULFO', 'MORALES', 'SANCHEZ', 'jeimo007@hotmail.com', '3118086884', 82113, 7, 1),
(93415313, 'CARLOS ANDRES', 'VARON', 'RUIZ', 'cvaronruiz@gmail.com', '3164387094', 82113, 8, 1),
(93415396, 'ALEX A.', 'CORREA', 'FORERO', 'alexcorreaforero@gmail.com', '3165821576', 82113, 8, 1),
(93418339, 'ALVARO IVAN', 'RAMIREZ', 'POSADA', 'ingairp@hotmail.com', '3102377378', 82113, 8, 1),
(93437438, 'CESAR AUGUSTO', 'SALDA?A', 'GARZON', 'cesarsal1979@hotmail.com', '3124196304', 82113, 8, 1),
(93471948, 'ADDRITH ', 'GUTIERREZ', 'CERVERA', '', '', 82113, 8, 1),
(94281976, 'EDILBERTO ', 'BENAVIDES', 'SILVA', '', '', 82113, 8, 1),
(94420687, 'ERNESTO JULIO', 'ROBAYO', 'PERLAZA', 'erlako777@hotmail.com', '3203534839', 82113, 8, 1),
(110404792, 'YILMER ', 'MORENO', 'MASMELA', '', '', 82113, 8, 1),
(111023943, 'SAAVEDRA VILLANUEVA', 'EDGAR', 'ALBERTO', '', '', 82113, 8, 1),
(111051276, 'JUAN SEBASTIAN', 'CASTILLO', 'ARTEAGA', '', '', 82113, 8, 1),
(111055072, 'LUIS ERNESTO', 'VASQUEZ', 'VILLAMIL', '', '', 82113, 8, 1),
(657966292, 'DIANA MARCELA', 'MORENO', '', '', '', 82113, 8, 1),
(1005294425, 'EDWIN ', 'MEDINA', '', 'edwinmedinaguiza@hotmail.com', '3123062225', 82108, 8, 1),
(1005712785, 'LUISA FERNANDA', 'SERRATO', 'BENAVIDES', 'lufe_serrato17@hotmail.com', '3124307057', 82113, 8, 1),
(1005752252, 'LAURA MELISA', 'AGUDELO', 'PINILLA', 'melisa1agudelo@hotmail,com', '3184105542', 82113, 8, 1),
(1006006142, 'OSCAR STIVEN', 'CAYCEDO', 'JIMENEZ', 'styven.1996@gmail.com', '3125858652', 82113, 8, 1),
(1006116453, 'AMADO GARZON', 'JUAN', 'CAMILO', 'juancamilo19001@outlook.com', '3204002693', 82113, 7, 1),
(1006118804, 'ANGEE SORAYA', 'VANEGAS', 'HORTUA', 'vangeesoraya@gmail.com', '3118505990', 82113, 7, 1),
(1007165579, 'RODRIGUEZ MAR?A', 'DEL', 'CASTILLO', 'mariadelcastillo1995@gmail.com', '3122184845', 82113, 8, 1),
(1007931546, 'KAREN DAHIANA', 'CASA?AS', 'MORA', 'tachimora74@hotmail.com', '3188922103', 82113, 7, 1),
(1010162168, 'DUVIER JAIR', 'MELO', 'BUSTOS', 'Jairm_011@hotmail.com', '3208525370', 82113, 8, 1),
(1010202886, 'JULIAN GIOVANNY', 'LOZANO', 'LOZADA', 'anlo0530@hotmail.com', '1010202886', 82113, 8, 1),
(1012372339, 'SANDRA CONSTANZA', 'ALMARIO', 'GUTI?RREZ', 'flaca06@live.com', '3138691886', 82108, 8, 1),
(1012379864, 'CINDY MARCELA', 'CABALLERO', 'SALAZAR', 'marce.3011@hotmail.com', '382780174', 82113, 8, 1),
(1013655299, 'CLAUDIA PATRICIA', 'DORIA', 'CAPERA', 'cpdc95@hotmail.com', '3143809457', 82113, 8, 1),
(1015404204, 'SAMUEL ', 'JIMENEZ', 'CAICEDO', 'sjcgara@hotmail.com', '3138271712', 82113, 8, 1),
(1015425653, 'ISABEL CRISTINA', 'OSORIO', 'GALLON', 'icosoriog@Outlook.es', '3105969075', 82113, 8, 1),
(1015443410, 'CRISTIAN ANDREY', 'CASTA?O', 'OSORIO', 'cristianosorio1219@hotmail.com', '3209222137', 82113, 8, 1),
(1018103933, 'CAMILO ANDR?S', 'URUE?A', 'FALLA', 'camiloka.1995@gmail.com', '1019103933', 82113, 8, 1),
(1019008599, 'DIANA CAROLINA', 'LEAL', 'CASTELLANOS', 'caroleal2086@hotmail.com', '3209014839', 82113, 8, 1),
(1019044201, 'JULIAN LEONARDO', 'ALZATE', 'TRUJILLO', 'pelusa__1189@hotmail.com', '3103260593', 82113, 8, 1),
(1022367006, 'MAR?A ALEJANDRA', 'OSPINA', 'GONZ?LEZ', 'ecoabejita@gmail.com', '32047720285', 82113, 8, 1),
(1023944410, 'LUIS FABRICIO', 'VARON', 'QUI?ONES', 'luif_728@hotmail.com', '3163274234', 82113, 8, 1),
(1024535249, 'JEFERSSON ', 'RAMIREZ', 'ROJAS', 'jefer.66@hotmail.com', '3126126933', 82108, 8, 1),
(1030522489, 'DIEGO FERNANDO', 'TIBADUIZA', 'ALVAREZ', 'diego.fechotiba@gmail.com', '3132688017', 82113, 8, 1),
(1030569550, 'CAROLINA ', 'ARDILA', 'ELIANA', 'lanitardila28@hotmail.com', '382690894', 82113, 8, 1),
(1030612898, 'MARLA ANDREA', 'ZAMBRANO', 'ALVAREZ', 'chiquizaa71@hotmail.com', '3213986183', 82113, 8, 1),
(1031121277, 'NATALIA ', 'MORALES', 'CAMPUZANO', 'maripozahentay@msn.com', '318662827', 82113, 8, 1),
(1032438302, 'CARLOS JHEFERSSON', 'MU?OZ', 'RAM?REZ', 'jhefer26@hotmail.com', '3124245728', 82108, 8, 1),
(1045668929, 'REINEL ', 'GONZALEZ', 'GOMEZ', '', '', 82113, 8, 1),
(1069750646, 'YESICA PAOLA', 'TORRES', 'SUAZA', 'paola.torres24@hotmail.com', '3143919424', 82108, 8, 1),
(1069750859, 'LUIS FELIPE', 'CAMPOS', 'CARDENAS', 'luisfe.campos@hotmail.com', '3204430410', 82113, 8, 1),
(1070590859, 'DAVID ERNESTO', 'GOMEZ', 'VELASCO', '', '', 82113, 8, 1),
(1070594944, 'LEIDY ALEXANDRA', 'GALINDO', 'RICO', 'lagr_1209@hotmail.com', '3176532280', 82113, 8, 1),
(1070604356, 'ANA ', 'PERDOMO', 'P?REZ', 'anmiper21@hotmail.com', '3003961976', 82113, 8, 1),
(1075212370, 'JAMES ', 'PE?A', 'SILVA', 'James.loond@hotmail.com', '3202547881', 82108, 8, 1),
(1075278334, 'ESTEFANIA ', 'IBARRA', '', 'stefanys-15@hotmail.com', '3212799326', 82113, 8, 1),
(1077856579, 'LEIDY JOHANNA', 'RAM?REZ', 'NI?O', 'ljramirezn@gmail.com', '3203620001', 82108, 8, 1),
(1077869102, 'JONIER FELIPE', 'MOTTA', 'ROMAN', 'pippe94@hotmail.com', '3183649999', 82113, 8, 1),
(1077869215, 'M?NICA ALEJANDRA', 'POLO', 'SUAREZ', 'alejapolosuarez94@gmail.com', '3102528986', 82108, 8, 1),
(1077871330, 'CRISTIAN FERNANDO', 'MART?NEZ', 'S?NCHEZ', 'cfmartinez16@misena.edu.co', '3108630079', 82108, 8, 1),
(1078246589, 'LEIDY JOHANNA', 'FALLA', 'GONZ?LEZ', 'lejofalla@hotmail.com', '3157540122', 82108, 8, 1),
(1080932241, 'LUIS ANTONIO', 'PALENCIA', 'MU?OZ', 'luispalencia089@gmail.com', '3112023677', 82113, 8, 1),
(1080932670, 'MARIO ALEJANDRO', 'BONILLA', 'CASANOVA', 'mabonillaca@unadvirtual.edu.co', '3132413122', 82108, 8, 1),
(1080933448, 'WILMER LEONARDO', 'JARA', 'CUELLAR', 'wilmer.jara08@gmail.com', '3112324017', 82108, 8, 1),
(1080934705, 'CARLOS ALBERTO', 'BONILLA', 'CASANOVA', 'CBONILLA9414@HOTMAIL.COM', '3209834303', 82108, 8, 1),
(1080935122, 'LUZ ?NGELA', 'ROJAS', 'M?NDEZ', 'anyelitha09@hotmail.com', '3212968385', 82108, 8, 1),
(1081182796, 'KATERINE ', 'RUBIANO', '', 'kate_rubiano@hotmail.com', '3164590218', 82108, 8, 1),
(1081397211, 'HERNAN JAVIER', 'GARCIA', 'LEMUS', 'lemus0908@hotmail.com', '3213504882', 82200, 8, 1),
(1081732501, 'TANIA KATHERINE', 'BUITRON', 'VARGAS', 'taniakathe96@hotmail.com', '3108798562', 82108, 8, 1),
(1082126808, 'LIDA MARGARITA', 'ZAMBRANO', 'CORTES', 'lidazambrano1@gmail.com', '3102343229', 82113, 8, 1),
(1082128331, 'ALEXANDRA ', 'ROA', 'RAMOS', 'axelaroa@hotmail.com', '3204505496', 82108, 8, 1),
(1082772493, 'YESID ALBERTO', 'BOLA?OS', 'G?MEZ', 'yecidalberto.01@hotmail.com', '3144684125', 82108, 8, 1),
(1082774042, 'DUVIER ARBEY', 'MALES', 'ROMERO', 'duvierromero@gmail.com', '3114461806', 82108, 8, 1),
(1083880265, 'DANIEL ', 'VARGAS', 'REYES', 'xbox052@hotmail.com', '3123187302', 82108, 8, 1),
(1083880952, 'EDWAR ANDRES', 'DAZA', 'MORENO', 'edwar-dj100@hotmail.com', '3107705377', 82108, 8, 1),
(1083882554, 'LEYDY CAROLINA', 'CHILITO', 'PIAMBA', 'karo-ch@hotmail.com', '3102349428', 82108, 8, 1),
(1083885391, 'WILBER ', 'BRAVO', 'FERN?NDEZ', 'wabravof@unadvirtual.edu.co', '3125600207', 82108, 8, 1),
(1083895428, 'JESSICA ALEXANDRA', 'CLAVIJO', 'MOTTA', 'jsikclamo@gmail.com', '3112862065', 82108, 8, 1),
(1083897839, 'LIDA MILDRED', 'SAMBONI', 'TORRES', 'lidas-12@hotmail.com', '3102283982', 82108, 8, 1),
(1083899048, 'MAR?A ALEJANDRA', 'LOZANO', 'ROJAS', 'alejizz904@hotmail.com', '3132872410', 82108, 8, 1),
(1083903557, 'GERMAN ', 'L?PEZ', 'PEREZ', 'german160@hotmail.com', '3202054724', 82108, 8, 1),
(1083905380, 'ANDRES FELIPE', 'ESCALANTE', 'MART?NEZ', 'felipeescalante47@hotmail.com', '3102942263', 82108, 8, 1),
(1083906426, 'YULIETH ALEXANDRA', 'PAPAMIJA', 'SAMBONI', 'chicanormal_22@hotmail.com', '3125950027', 82108, 8, 1),
(1083907877, 'MAIDY ALEJANDRA', 'ROJAS', '', 'maidy654@hotmail.com', '3134784003', 82108, 8, 1),
(1083909162, 'M?NICA MARCELA', 'BRAVO', 'NAVIA', 'mmbravon@unadvirtual.edu.co', '3133956453', 82108, 8, 1),
(1083909277, 'JORGE ', 'RAM?REZ', 'L?PEZ', 'jorge.paquete23@hotmail.com', '3143919424', 82108, 8, 1),
(1083909330, 'HECTOR FABIO', 'DURAN', 'MONTES', 'hefadumo15@live.com', '3132106973', 82108, 8, 1),
(1083914797, 'OSCAR MAURICIO', 'L?PEZ', 'FIGUEROA', 'oscarlopezfigueroa_1996@hotmail.com', '3142965989', 82108, 8, 1),
(1084250463, 'FABIO ANDR?S', 'GALLARDO', 'BOLA?OS', 'fagadj@gmail.com', '3214344025', 82108, 8, 1),
(1084250486, 'LORENA PATRICIA', 'ORTEGA', 'ORTIZ', 'lorena.ortega02@hotmail.com', '3187647001', 82108, 8, 1),
(1101682166, 'JERSON ', 'REATIGA', 'PORTO', '', '', 82113, 8, 1),
(1104703912, 'LUISA FERNANDA', 'OVALLE', 'RAM?REZ', 'LULU.OVALLE@HOTMAIL.COM', '3213282872', 82112, 8, 1),
(1104705462, 'MISSLAY JADIDTH', 'MONTERO', 'FIGUEROA', 'misslayjys@hotmail.com', '3172278664', 82112, 8, 1),
(1104705491, 'BRIYITH VANESSA', 'ARIAS', 'ENCISO', 'bvae.monita20@gmail.com', '3212830717', 82113, 8, 1),
(1105058715, 'INGRID LORENA', 'AVELLA', 'SOGAMOSO', 'lorenita211988@hotmail.com', '3107665634', 82113, 8, 1),
(1105334082, 'ZULMA JOHANNA', 'GUTIERREZ', 'AVILA', 'zujoguti986@hotmail.com', '3208176452', 82113, 8, 1),
(1105610345, 'SERGIO ANDRES', 'PARRA', '', '', '', 82113, 8, 1),
(1105610709, 'TANIA CAROLINA', 'CAJAMARCA', 'ROA', 'thaniakarolain@gmail.com', '3132522343', 82113, 8, 1),
(1105612434, 'NORIDA ALEXANDRA', 'PERALTA', 'S?NCHEZ', 'alexita8906@gmail.com', '3214572757', 82113, 8, 1),
(1105612451, 'MAYRA ALEJANDRA', 'BOHORQUEZ', '', '', '', 82113, 8, 1),
(1105613577, 'DIEGO ', 'OVALLE', 'PAEZ', 'diegoovalle93@hotmail.com', '3214066783', 82113, 8, 1),
(1105614040, 'NESTOR FABIAN', 'SEPULVEDA', 'AGUILERA', 'nestorfsa@hotmail.com', '3213901470', 82113, 8, 1),
(1105614184, 'CARLOS HUMBERTO', 'GOMES', 'DIAZ', 'seguridadcarlosgomez@hotmail.com', '3146491510', 82113, 8, 1),
(1105614189, 'JOAN CAMILO', 'MURILLO', 'GOMEZ', 'joan_muris@hotmail.com', '3208666747', 82113, 8, 1),
(1105614321, 'OSCAR JAVIER', 'GARCIA', 'NAVARRO', 'arsfra2008@hotmail.com', '3142918574', 82113, 8, 1),
(1105676331, 'DANIEL FERNANDO', 'SUAREZ', 'MONTENEGRE', '', '', 82113, 8, 1),
(1105684030, 'MONICA LIZETH', 'ALAPE', 'RODRIGUEZ', 'moniilar@outlook.com', '3208894829', 82113, 8, 1),
(1105686016, 'LUISA FERNANDA', 'CUELLAR', 'GUTIERREZ', 'luisafcgutierrez4@live.com', '3133740538', 82113, 8, 1),
(1105786316, 'JENNY STEPHANY', 'OSPINA', 'ROA', 'stephany0515@hotmail.com', '3124210001', 82113, 8, 1),
(1105789275, 'ALEXANDRA TATIANA', 'RAMIREZ', 'SALAZAR', 'tatisrs-18@hotmail.com', '3112123625', 82113, 8, 1),
(1105790019, 'OSCAR EDUARDO', 'DIAZ', 'PEREZ', 'oediazp@unadvirtual.edu.co', '3213263333', 82113, 8, 1),
(1106397258, 'CATHERINE ', 'QUI?ONES', '', 'ktherine85@hotmail.com', '3123253870', 82113, 8, 1),
(1106482753, 'RODNEY MAURICIO', 'VARGAS', 'PIRAGUA', 'ronyvargas19@hotmail.com', '3214585835', 82113, 8, 1),
(1106484916, 'CESAR AUGUSTO', 'MENDEZ', 'VILLALOBOS', 'tutto_092@hotmail.com', '3137593947', 82113, 8, 1),
(1106771468, 'LILIANA ', 'MENDOZA', 'SALAZAR', 'gabrielalili123@gmail.com', '3125062126', 82113, 8, 1),
(1106772608, 'YUDI ALEJANDRA', 'CHILATRA', 'ANDRADE', 'yudi12301987@hotmail.com', '3105549401', 82113, 8, 1),
(1106783953, 'XIOMARA ', 'MIRANDA', 'OSORIO', 'xiomara_0794@hotmail.com', '3144746152', 82113, 8, 1),
(1106890481, 'LEIDY JOHANA', 'PACHECO', '', '', '', 82113, 8, 1),
(1108232921, 'ANGGIE DANIELA', 'AGUILAR', 'MUR', 'anggiemur73@gmail.com', '3118277054', 82113, 8, 1),
(1108831604, 'JAINER JAVIER', 'TRUJILLO', 'LOZADA', 'javiermendez1990@hotmail.com', '3102760858', 82113, 8, 1),
(1108831852, 'YILVER ALEXIS', 'SANJUANES', 'ARDILA', 'yilver2591@hotmail.com', '3142206460', 82113, 8, 1),
(1108999525, 'YURI ISMENIA', 'LOAIZA', 'PRECIADO', 'yuri_lopre@hotmail.com', '3143236387', 82113, 8, 1),
(1109004971, 'OSCAR EDUARDO', 'RAMIREZ', 'GUZMAN', 'oscares1995@hotmail.com', '3213783154', 82113, 8, 1),
(1109005208, 'AICARDO ANDRES', 'ORTIZ', 'ZAMBRANO', 'ANDRESORTIZ_1012@LIVE.COM', '3143896361', 82113, 8, 1),
(1109069210, 'CLAUDIA PATRICIA', 'HERNANDEZ', 'PINEDA', 'clauher5637@hotmail.com', '3166646901', 82113, 8, 1),
(1109244957, 'DUVAN ', 'MONTERO', 'GARCIA', 'dmonterogarcia@yahoo.es', '3203286427', 82113, 8, 1),
(1109265830, 'AURA YINNETH', 'LOZADA', 'HERNANDEZ', 'aurisho308@hotmail.com', '3202914193', 82113, 8, 1),
(1109291450, 'LEONARDO ANDRES', 'MONCALEANO', 'ECHEVERRY', 'leonardoandresmoncaleano@gmail.com', '3203628990', 82113, 8, 1),
(1109295875, 'ALISSON VANNESA', 'VALENCIA', 'BURITICA', 'alvabu24@hotmail.com', '3152255151', 82113, 7, 1),
(1109381292, 'OSCAR ORLANDO', 'BULLA', 'PINZON', 'osbpi.16@gmail.com', '3146157773', 82113, 7, 1),
(1109383202, 'YURY ', 'CRUZ', 'GARZ?N', 'y.cruz007@hotmail.es', '3138117945', 82113, 8, 1),
(1109383830, 'LUIS OMAR', 'PRADA', 'CASTELLANOS', 'omar.morfeo119@gmail.com', '3115179904', 82113, 8, 1),
(1109385509, 'JES?S FRANCISCO', 'HERNANDEZ', 'ORDO?EZ', 'jfhernandez905@misena.edu.co', '3106899541', 82113, 8, 1),
(1109385736, 'MICHEL ZAYAN', 'FAJARDO', 'BOLA?OS', 'mizafabo@gmail.com', '3165748123', 82113, 8, 1),
(1109493516, 'SONIA DEL PILAR', 'GOMEZ', 'TRIANA', 'soniagomez1121@gmail.com', '3132612482', 82113, 8, 1),
(1109493879, 'MARIA INYURANI', 'ESCANDON', 'ARIAS', 'yuraescandon@hotmail.es', '3115642662', 82113, 8, 1),
(1109494005, 'ZORAIMA ', 'SALAZAR', 'BETANCOURT', '', '', 82113, 8, 1),
(1109495098, 'MARCEL LEANDRO', 'GOMEZ', 'ACOSTA', 'marcel_leandro96@hotmail.com', '3115473452', 82113, 8, 1),
(1109843223, 'YURI ESPERANZA', 'AROCA', 'VILLARREAL', 'yuesarvi@hotmail.com', '3212572913', 82113, 8, 1),
(1109845452, 'ZULLY DANISSA', 'PAYANENE', 'CRUZ', 'zdanisp@hotmail.com', '3156751507', 82113, 8, 1),
(1110061880, 'URLY NUSMETH', 'CORT?S', 'PALMA', 'urly@hotmail.es', '3193805451', 82113, 8, 1),
(1110062104, 'CRISTIAN ROBERTO', 'LOZANO', 'ALVIS', 'Roberto1110062104@gmail.com', '3134299973', 82113, 8, 1),
(1110174019, 'MARGGIVE ALEXANDRA', 'LOZANO', 'PUENTES', 'marggive07@hotmail.com', '3144098358', 82113, 8, 1),
(1110177510, 'DAIMER ORLANDO', 'CAPERA', 'LEYTON', 'docleyton@misena.edu.co', '3114663088', 82113, 8, 1),
(1110178156, 'YELICTZA ', 'JIMENEZ', 'KAROL', 'kayelictza06@hotmail.com', '3112426290', 82113, 8, 1),
(1110178615, 'MARIA JOSE', 'MENDEZ', 'TAPIERO', 'maria.mendez523@hotmail.com', '3213572156', 82113, 8, 1),
(1110234164, 'SANDRA MILENA', 'CARPETA', 'SALAZAR', 'edramic2@gmail.com', '3208549410', 82113, 8, 1),
(1110262533, 'LUIS MIGUEL', 'PRADA', 'VARGAS', 'luismusic90@hotmail.com', '3138339336', 82113, 8, 1),
(1110436978, 'YURBY YAJAHIRA', 'GARZON', 'BRI?EZ', '', '', 82113, 8, 1),
(1110443207, 'ARBEY ', 'MART?NEZ', 'VILLA', 'arbey54@yahoo.es', '3124026476', 82113, 8, 1),
(1110444232, 'DIEGO A.', 'MAR?N', 'IDARRAGA', 'diegomarin33@unad.edu.co', '3163525216', 82113, 8, 1),
(1110444671, 'EDUARDO ASCENCIO', 'GUARNIZO', 'GERMAN', 'eduardoguarnizo@hotmail.com', '3204642103', 82113, 7, 1),
(1110445582, 'MISAEL ', 'HERRAN', 'VALENCIA', 'mayherran@hotmail.com', '3107818699', 82113, 8, 1),
(1110446118, 'ERIKA JENITH', 'QUENAN', 'ARTEAGA', 'sheccid1905@gmail.com', '382773002', 82113, 8, 1),
(1110448371, 'ERIKA YULIETH', 'WALTEROS', 'JIMENEZ', 'ekayuwal@gmail.com', '3106961410', 82113, 8, 1),
(1110448434, 'OSCAR EDUARDO', 'MARTINEZ', 'SUAREZ', 'oscarmartinez1486@hotmail.com', '3213464743', 82113, 8, 1),
(1110453983, 'ALEXANDRA XIOMARA', 'RODRIGUEZ', 'ORTIZ', 'alexiaro_88@hotmail.com', '3168669294', 82113, 8, 1),
(1110454969, 'JOHAN ALEJANDRO', 'LOPEZ', 'PARRA', 'johanalejandro23@gmail.co', '3115242149', 82113, 8, 1),
(1110457590, 'CAMILO ANDRES', 'CA?IZALEZ', '', '', '', 82113, 8, 1),
(1110458143, 'HENRY ', 'TAPIERO', 'LOZANO', 'hivantl@hotmail.com', '3167456259', 82113, 8, 1),
(1110460055, 'JAVIER ANDRES', 'TOCORA', 'ROJAS', '', '', 82113, 8, 1),
(1110460952, 'GERMAN EDUARDO', 'FLORES', 'TRUJILLO', 'germanflorez19@hotmail.com', '3137899573', 82113, 8, 1),
(1110461495, 'JAIR ALEXANDER', 'OLIVERA', 'RODRIGUEZ', '', '', 82113, 8, 1),
(1110462791, 'OSCAR EDUARDO', 'VILLARREAL', 'CANIZALES', 'osvillca87@gmail.com', '3177783840', 82113, 8, 1),
(1110462977, 'ALEJANDRA ', 'VARGAS', 'MONICA', 'monkyalva87@hotmail.com', '3209897684', 82113, 8, 1),
(1110463268, 'JENNIFER LORENA', 'BARBOSA', 'REYES', 'jenniferbarbosa1987@hotmail.com', '3183731005', 82113, 8, 1),
(1110464674, 'JENNY MARCELA', 'TORRES', 'RAMIREZ', 'jem.0624@hotmail.com', '3162332881', 82113, 8, 1),
(1110466463, 'BRYAN LEONARDO', 'GARCIA', 'LEON', 'brayangarcia1119@hotmail.com', '3143601380', 82113, 8, 1),
(1110466492, 'ALEXANDRA DEL PILAR', 'CUELLAR', 'GALINDO', 'alejac1110@hotmail.com', '3214280923', 82113, 8, 1),
(1110468067, 'MAURICIO ANDRES', 'GARC?A', 'MARIN', 'mangama2003@hotmail.com', '3125957553', 82113, 8, 1),
(1110470512, 'CAMILO ANDR?S', 'APONTE', 'ARDILA', 'Kmilo0331@outlook.com', '3163118657', 82113, 8, 1),
(1110470690, 'YOHANA ', 'CARDOZO', 'ELIS', '', '', 82113, 8, 1),
(1110472002, 'JEFFERSON ', 'BOH?RQUEZ', 'JIM?NEZ', '', '', 82113, 8, 1),
(1110472708, 'GLORIA YANET', 'DELGADO', 'MACHADO', 'gloris13_88@hotmail.es', '3112276068', 82113, 8, 1),
(1110477261, 'GUILLERMO ALFONSO', 'LOZANO', 'PERDOMO', 'glozanoam@gmail.com', '3203869547', 82113, 8, 1),
(1110477963, 'IVAN ', 'MOLINA', 'MENDEZ', 'ivan_00022@hotmail.com', '3215925134', 82113, 8, 1),
(1110482782, 'V?CTOR CAMILO', 'PALOMO', 'ROJAS', 'vcamilo89@hotmail.com', '1110482782', 82113, 8, 1),
(1110483176, 'LAURA XIMENA', 'JIMENEZ', 'VARGAS', 'ARUALANEMIX1989@HOTMAIL.COM', '3157619732', 82113, 7, 1),
(1110483559, 'CRISTHIAN CAMILO', 'GOMEZ', 'GALINDO', 'cristhian.ibague1@hotmail.com', '3202541852', 82113, 8, 1),
(1110484260, 'RICHARD CAMILO', 'TORRES', 'SANCHEZ', 'richard29489@hotmail.com', '3186374150', 82113, 8, 1),
(1110485194, 'INGRID PAOLA', 'DEVIA', 'CARDOZO', 'paola.dc08@gmail.com', '3153050316', 82113, 8, 1),
(1110486354, 'LUCERO ', 'RODRIGUEZ', 'GARAY', 'Lrodriguez45@misena.edu.co', '3212195596', 82113, 8, 1),
(1110486763, 'EDUARDO ', 'GUZMAN', 'JOHAN', 'johane_0615@hotmail.com', '3142974067', 82113, 8, 1),
(1110491290, 'PAULO ANDRES', 'BOBADILLA', 'HERRERA', 'pabohe@hotmail.com', '3015769061', 82113, 8, 1),
(1110491776, 'LUIS YADIR', 'ARANGO', 'RAMIREZ', 'luisyadir.ramirez@gmail.com', '3112120305', 82113, 8, 1),
(1110492069, 'JOSE WILLIAM', 'GUZMAN', 'VARGAS', 'joseph.guzvar@gmail.com', '3115627073', 82113, 8, 1),
(1110492612, 'JOSE FELIPE', 'VARELA', 'RAMIREZ', 'felipe50909@hotmail.com', '3129131803', 82113, 8, 1),
(1110493922, 'EDILMA ROCIO', 'OSPINA', 'QUIMBAYO', 'roci_1117@hotmail.com', '3004518615', 82113, 8, 1),
(1110493975, 'CARLOS ANDRES', 'VELEZ', 'SANCHEZ', 'andresvelez17@hotmail.com', '3156693450', 82113, 8, 1),
(1110494677, 'HERNAN DARIO', 'ALAPE', 'GONZALEZ', 'hernanalape@gmail.com', '3168331847', 82113, 8, 1),
(1110496411, 'JEIMY LIZETH', 'LOZANO', 'OLIVARES', 'jeimy_olivares@hotmail.com', '3114781726', 82113, 8, 1),
(1110496819, 'JESSICA ASTRID', 'SUAREZ', 'BUITRAGO', 'jessicasuarez2536@hotmail.com', '2688292', 82113, 8, 1),
(1110496866, 'MONICA VICTORIA', 'MU?OZ', 'VALENCIA', 'mvmv2662@gmail.com', '3212818970', 82113, 8, 1),
(1110496895, 'WISMAR ALEXANDER', 'LOZANO', 'BARRIOS', 'wismarlb@gmail.com', '3174289453', 82113, 8, 1),
(1110498694, 'BORIS NICHOLAI', 'HERNANDEZ', '', '', '', 82113, 8, 1),
(1110499085, 'NICOLAS FELIPE', 'VANEGAS', 'QUINCHAFUI', 'mutter1990@hotmail.com', '3172966649', 82113, 8, 1),
(1110501216, 'MARIBEL ', 'RIVERA', 'AGUIRRE', 'mar.yriver1509@hotmail.com', '3209027088', 82113, 8, 1),
(1110501466, 'NATALIA ANDREA', 'MEDINA', '', '', '', 82113, 8, 1),
(1110502057, 'JASSON DAVID', 'NEIRA', 'CORRALES', 'Jassonneira22@gmail.com', '3158468189', 82113, 8, 1),
(1110502406, 'IVAN DARIO', 'HERNANDEZ', 'CORREA', 'ivanchohe87@yahoo.com', '3168141054', 82113, 8, 1),
(1110503218, 'ANNY LORENA', 'FERNANDEZ', 'SEGOVIA', 'ANYLORENA1728@HOTMAIL.COM', '3157165869', 82113, 7, 1),
(1110503445, 'DANIEL ', 'TAPIERO', 'ROMERO', 'daniel.tapiero14@gmail.com', '3204605445', 82113, 8, 1),
(1110503524, 'JAIRO ANDRES', 'CRIOLLO', 'LOPEZ', 'jairoandrescl@hotmail.com', '3142254729', 82113, 8, 1),
(1110505142, 'EDNA PAOLA', 'SANCHEZ', 'LOZANO', 'ednita1112@hotmail.com', '3188712839', 82113, 8, 1),
(1110505617, 'JHOVANNY ANDRES', 'LOZANO', 'BALDION', 'andrexbox64@hotmail.com', '3115376354', 82113, 8, 1),
(1110506158, 'LUIS EDUARDO', 'GIL', 'RIOS', 'luis_13@hotmail.com', '3007178779', 82113, 8, 1),
(1110506362, 'JES?S ALBERTO', 'CHAVEZ', 'RODRIGUEZ', 'alberto-10401@hotmail.com', '3124050698', 82113, 8, 1),
(1110507088, 'CARLOS ANDERSON', 'TAPASCO', 'REINA', 'anderssontr@hotmail.com', '3204661171', 82113, 8, 1),
(1110507689, 'JAMES ANDR?S', 'GARCIA', 'TAPIAS', 'andresgarcia.1712@gmail.com', '3148428730', 82113, 8, 1),
(1110508237, 'JULIETH ALEXANDRA', 'NU?EZ', 'MORA', 'yuliss2191@hotmail.com', '3213541086', 82113, 8, 1),
(1110508619, 'ANDRES FABIAN', 'BAUTISTA', 'G?MEZ', 'anbago14@hotmai.com', '3204207636', 82113, 8, 1),
(1110509016, 'LEIDY JULIETH', 'LOZANO', 'MORENO', 'leidylozano0326@gmail.com', '3138846246', 82113, 8, 1),
(1110509329, 'ROGER FERNANDO', 'CUENCA', 'VARON', 'roger_cuenca15@hotmail.com', '3164448834', 82113, 8, 1),
(1110509548, 'DIANA ALICIA', 'GUZMAN', 'TRUJILLO', 'lauritax_diana@hotmail.com', '3214740925', 82113, 8, 1),
(1110509913, 'ANGIE CAROLINA', 'MONTENEGRO', 'CEBALLOS', 'Angiemontenegro5@gmail.com', '3193887275', 82113, 8, 1),
(1110511460, 'SANDY LORENA', 'PRADA', 'MEDINA', 'sandy_lop16@hotmail.com', '3136575790', 82113, 8, 1),
(1110511945, 'MARIA CAMILA', 'RUIZ', 'MARTINEZ', 'macaruma_619@hotmail.com', '3204106133', 82113, 8, 1),
(1110514064, 'DIEGO FERNANDO', 'VINCOS', 'OVIEDO', 'davincos@hotmail.com', '3153412615', 82113, 7, 1),
(1110514300, 'GALVIS ', 'MARROQUIN', '', 'johnmarroko@hotmail.com', '3163096797', 82113, 8, 1),
(1110516372, 'WILFER MAURICIO', 'SUSUNAGA', 'C?SPEDES', 'wilfermauricio91@gmail.com', '3209415831', 82113, 8, 1),
(1110516434, 'XIOMARA ', 'ARIAS', 'ALAPE', 'iomara91@hotmail.com', '3208664963', 82113, 8, 1),
(1110516440, 'MAR?A CAMILA', 'PALMA', 'BARRERO', 'maria_kmi24@hotmail.com', '3203566810', 82108, 8, 1),
(1110516816, 'DANIELLE STEPHANIE', 'BERNAL', 'CERQUERA', 'patybernal@hotmail.com', '3104262433', 82113, 7, 1),
(1110518130, 'DIEGO FERNANDO', 'AQUITE', '', '', '', 82113, 8, 1),
(1110518453, 'VER?NICA ANDREA', 'MILLAN', 'GONZALEZ', 'andreitamillang@hotmail.com', '3143470867', 82113, 8, 1),
(1110518564, 'JUAN DAVID', 'SANCHEZ', 'PINO', 'jdsju@hotmail.com', '3016465805', 82113, 8, 1),
(1110518672, 'BIBIANA DEL PILAR', 'PRIETO', 'LOZANO', 'bibiana1523@gmail.com', '3214670918', 82113, 8, 1),
(1110519005, 'JEIMY KATHERINE', 'VASQUEZ', 'PLATA', 'katherine.plata@hotmail.com', '3164384832', 82113, 8, 1),
(1110519450, 'ARLISON STIV', 'POLANIA', 'LOPEZ', '', '', 82113, 8, 1),
(1110519893, 'JADER AUGUSTO', 'FORERO', 'MOLINA', 'junior.9201@hotmail.com', '3184158655', 82113, 8, 1),
(1110520183, 'PAULA LICETH', 'ARCINIEGAS', 'TOVAR', 'plarciniegast@misena.edu.co', '3102378596', 82113, 8, 1),
(1110521547, 'WILLIAM STEVEN', 'ALVARADO', 'BARRAGAN', 'williamillos3094@hotmail.com', '3145829636', 82113, 8, 1),
(1110521906, 'GINA ', 'BARRETO', '', 'gimabaca@outlook.com', '3203303683', 82113, 8, 1),
(1110522150, 'SERGIO LEONARDO', 'SANCHEZ', 'MENDEZ', 'nesher147@hotmail.com', '3132245936', 82113, 8, 1),
(1110523500, 'RUBEN DAR?O', 'MONTOYA', 'LOPEZ', 'monrd92@hotmail.com', '3203776615', 82113, 8, 1),
(1110524639, 'JOSE LUIS', 'CHALA', 'CABRERA', 'josechala92@hotmail.com', '3167419739', 82113, 8, 1),
(1110524989, 'LIZETH MAYERLY', 'CAPERA', 'AGUIAR', 'mayerlycapera@hotmail.com', '3043773074', 82113, 8, 1),
(1110525491, 'CAROL ANGIE', 'AGUIRRE', 'URBANO', 'anyhelik@hotmail.com', '3124443751', 82113, 8, 1),
(1110525563, 'LINA MARIA', 'GUZMAN', 'AGUILAR', 'linamariaguzmanaguilar@gmail.com', '3138696738', 82113, 8, 1),
(1110525995, 'WILLIAM ', 'ZUMAHETA', '', '', '', 82113, 8, 1),
(1110526085, 'JUAN C.', 'RAMIREZ', 'GARCIA', 'juancdavid92@hotmail.com', '3186976263', 82113, 8, 1),
(1110526948, 'ADRIANA MARCELA', 'POLANIA', '', 'violeta.0318@hotmail.com', '3156921724', 82113, 8, 1),
(1110527635, 'CARLOS FERNANDO', 'ANDRADE', 'RODRIGUEZ', 'car._eb@hotmail.com', '3145525666', 82113, 8, 1),
(1110528027, 'JENNYFER ', 'CUBIDES', 'JIMENEZ', 'jennyfrjimenez77@hotmail.com', '3142448018', 82113, 7, 1),
(1110528528, 'JESSICA ', 'GOMEZ', 'MILLAN', 'jessik-1525@hotmail.com', '1110528528', 82113, 8, 1),
(1110529469, 'LORENA IDALY', 'RODRIGUEZ', 'HERRERA', 'lore.idaly@gmail.com', '3208954276', 82113, 8, 1),
(1110529540, 'JHON JAMES', 'BETANCOURTH', 'SANDOVAL', 'james.1212@hotmail.com', '3178440088', 82113, 8, 1),
(1110529681, 'DANIEL ANDRES', 'SAENZ', 'NAVARRO', 'dsaenz92112@gmail.com', '3137283501', 82113, 8, 1),
(1110529729, 'PAULA ANDREA', 'YAIMA', 'MORALES', 'constanza-1234@hotmail.com', '3158531389', 82113, 8, 1),
(1110529816, 'JUAN PABLO', 'HERNANDEZ', 'HERNANDEZ', 'pablo-hernandez1@hotmail.com', '3164058578', 82113, 8, 1),
(1110529963, 'NATALIA ', 'BOLIVAR', 'ROJAS', 'natalia_bolivar@hotmail.com', '3182886729', 82113, 8, 1),
(1110530150, 'MARY YURIEHTD', 'HENAO', 'VARGAS', 'YURI-156@HOTMAIL.COM', '3174608242', 82113, 7, 1),
(1110530204, 'MARIA ALEJANDRA', 'GONZALEZ', 'REYES', 'kameron_0512@hotmail.com', '3213707540', 82113, 8, 1),
(1110530449, 'CRISTINA ', 'ARCINIEGAS', 'AURA', 'khriz_2603@hotmail.com', '3163249101', 82113, 8, 1),
(1110530471, 'MAICOL FELIPE', 'USECHE', 'BARRAGAN', 'maikoluseche19@hotmail.com', '3128027178', 82113, 7, 1),
(1110530630, 'GERALDINE ', 'SANABRIA', 'C?SPEDES', 'gsc_10834@hotmail.com', '3115200201', 82113, 8, 1),
(1110530791, 'YULI PAOLA', 'SANCHEZ', 'CONTRERAS', 'lapao_05@hotmail.com', '3143380367', 82113, 8, 1),
(1110531265, 'MAYRA ALEJANDRA', 'GARCIA', 'RUIZ', 'GARCIA.RUIZALEJANDRA@HOTMAIL.COM', '3212006639', 82113, 7, 1),
(1110531385, 'JUAN CARLOS', 'MAYORGA', 'GUTIERREZ', 'juancarlosmayorgagutierrez@gmail.com', '3113669543', 82113, 8, 1),
(1110532353, 'HERNAN DARIO', 'OSPINA', 'BEDOYA', 'nancho.hob@hotmail.com', '3144288219', 82113, 8, 1),
(1110532357, 'KAREN DAYANA', 'ARIZA', 'GONZALEZ', 'kada223@hotmail.com', '3123681395', 82113, 8, 1),
(1110532538, 'ANGGY CAROLINA', 'BERNAL', 'SANTA', 'angiecaro_0411@hotmail.com', '3138829101', 82113, 8, 1),
(1110533920, 'EDUARD ARTURO', 'BUITRAGO', 'CELIS', 'arturo_120393@hotmail.com', '3104786151', 82113, 8, 1),
(1110533983, 'SHIRLEY ', 'RODRIGUEZ', 'PEREZ', 'angelifs35@gmail.com', '3214223249', 82113, 8, 1),
(1110534251, 'MARIA CAMILA', 'LOZANO', 'LOZANO', 'mclozano1@misena.edu.co', '3123485334', 82113, 8, 1),
(1110534393, 'PABLO ESTEBAN', 'LOZADA', 'TRIANA', 'batistapablo17@hotmail.com', '3143742003', 82113, 8, 1),
(1110534686, 'SEBASTIAN ', 'TRUJILLO', 'AFANADOR', 'strujilloa@unadvirtual.edu.co', '3186944437', 82113, 7, 1),
(1110535037, 'OSCAR ANDRES', 'PINEDA', 'DIAZ', 'luz.adriana75@hotmail.com', '3102712804', 82113, 8, 1),
(1110535166, 'LAURA KATHERINE', 'RAMIREZ', 'CARDOSO', 'laurita18c@live.com.ar', '382686810', 82113, 8, 1),
(1110535580, 'HAIDY JANELLY', 'MONTERO', 'CONDE', 'haidymontero@hotmail.com', '3219346472', 82113, 8, 1),
(1110536563, 'FRANKLYN DAVID', 'MORA', 'SEGOVIA', 'franklyn-9895@hotmail.com', '3102874084', 82113, 8, 1),
(1110536929, 'JOSE ALEXANDER', 'GUERRERO', 'SALAVARRIETA', 'alexander_9395@hotmil.com', '3142553879', 82113, 8, 1),
(1110537791, 'HEYLER GIOVANNY', 'LEON', 'ESPINOSA', 'heyler_05@hotmail.com', '3155826919', 82113, 8, 1),
(1110538004, 'YULY ANDRE', 'ECHEVERRY', 'SALAZAR', 'yulyecheverry8@hotmail.com', '3157772706', 82113, 8, 1),
(1110538357, 'ANGIE KATHERINE', 'PARAMO', 'RAMIREZ', 'ngie66@hotmail.com', '3177647654', 82113, 7, 1),
(1110538762, 'MARIA ALEJANDRA', 'SERRANO', 'BARRERO', 'malejitaserrano@hotmail.com', '3142831300', 82113, 8, 1),
(1110538993, 'JUAN SEBASTIAN', 'CARVAJAL', 'ESPINOSA', 'sebastian._1206@hotmail.com', '3183741558', 82113, 8, 1),
(1110539035, 'YENI TATIANA', 'ARANGO', 'CLAVIJO', 'ytarangoc@unadvirtual.edu.co', '3214113590', 82113, 8, 1),
(1110539082, 'MAYRA ALEJANDRA', 'CESPEDES', 'AVENDA?O', 'MAY-ALEJA29@HOTMAIL.COM', '3158071744', 82113, 7, 1),
(1110539318, 'LUZ NEIDY', 'ROJAS', 'JARAMILLO', 'neidy2212@hotmail.com', '3118730489', 82113, 8, 1),
(1110539719, 'ELIANA PAOLA', 'HERNANDEZ', 'PINILLA', 'lunitahernandez18@hotmail.com', '3202345573', 82113, 8, 1),
(1110539772, 'FREDDY ALEXANDER', 'LOZANO', 'GAITAN', 'fredylozano_15@hotmail.com', '3202244869 - 31', 82113, 8, 1),
(1110540139, 'LORENA ', 'PERDOMO', 'HERNANDEZ', 'loreperdomo15@gmail.com', '3206872094', 82113, 8, 1),
(1110540205, 'JERLINTON YOHAN', 'GAVIRIA', 'DIAZ', 'jerlinton@hotmail.com', '3209015992', 82113, 8, 1),
(1110541121, 'JULY NATALIA', 'SANCHEZ', 'RADA', 'nathaliasanchez1227@gmail.com', '3134127980', 82113, 8, 1),
(1110542055, 'MARIA CAMILA', 'BLANCO', 'RODRIGUEZ', 'mcblanco6@outlook.com', '3164646294', 82113, 8, 1),
(1110542264, 'LUISA FERNANDA', 'OCAMPO', 'HENAO', 'luisisocampo@hotmail.com', '3014700954', 82113, 8, 1),
(1110543029, 'ANGIE CAROLINA', 'HERRERA', 'MARTINEZ', 'achm-29@hotmail.com', '3138774084', 82113, 8, 1),
(1110544025, 'JHON NEVER', 'DEVIA', 'OCAMPO', 'jhondevia@hotmail.com', '3168526062', 82113, 8, 1),
(1110544871, 'JUAN CAMILO', 'OSORIO', 'CARDOZO', 'camilo-osorio94@hotmail.com', '3209512166', 82113, 8, 1),
(1110545635, 'MARIA ALEJANDRA', 'CORREA', 'VARGAS', 'alevargas0331@gmail.com', '3214044305', 82113, 8, 1),
(1110545788, 'ANDR?S FELIPE', 'VERGARA', 'GAVIRIA', 'an.fe.ve.ga@hotmail.com', '3112083882', 82113, 8, 1),
(1110546120, 'MAIRA FERNANDA', 'MARROQU?N', 'CUENCA', 'maira_fda94@hotmail.com', '3138534018', 82113, 8, 1),
(1110546160, 'MARGARITA ', 'FORERO', 'ERIKA', 'ingerika.forero@gmail.com', '3204599549', 82113, 8, 1),
(1110547116, 'YUDI CAROLINA', 'G?MEZ', 'CALDER?N', 'Gomezcarolina252@gmail.com', '3153293376', 82113, 8, 1),
(1110547754, 'NELSON ', 'OROZCO', 'FRANCO', 'nelson_orozco202@hotmail.com', '3132025122', 82113, 8, 1),
(1110547944, 'RODRIGO FELIPE', 'SERNA', 'BETANCOUR', 'felipe-serna-b@hotmail.com', '3204866356', 82113, 8, 1),
(1110548163, 'CAMILA VICTORIA', 'LOAIZA', 'VALENCIA', 'camilaloaiza94@gmail.com', '3125497137', 82113, 8, 1),
(1110548813, 'DANIEL CAMILO', 'HERRERA', 'TORRES', 'dacaheto@hotmail.com', '3123215848', 82113, 8, 1),
(1110548898, 'DIANA LUCERO', 'PALACIO', 'B.', 'dlpalacio3@misena.edu.co', '3113245234', 82113, 8, 1),
(1110549311, 'FERNANDO ', 'FAJARDO', 'CRISTIAN', 'crissfer23@hotmail.com', '3188718391', 82113, 8, 1),
(1110549560, 'JORGE LUIS', 'GUZM?N', 'TOCAREMA', 'jlguzman15@gmail.com', '3208638301', 82113, 8, 1),
(1110549718, 'CRISTIAN FERNANDO', 'RODRIGUEZ', 'DIAZ', 'cfrodriguez817@misena.edu.co', '3163138812', 82113, 8, 1),
(1110550722, 'LUIS ERNESTO', 'V?SQUEZ', 'VILLAMIL', 'luneke04@hotmail.com', '3214862125', 82113, 8, 1),
(1110551557, 'ANGIE PAOLA', 'PE?A', 'LAVERDE', 'anpapela@hotmail.com', '3115599810', 82113, 8, 1),
(1110554687, 'MARIA CAMILA', 'MORA', 'RENGIFO', 'cami.0701@hotmail.com', '3203682034', 82113, 8, 1),
(1110555000, 'ALEJANDRA ', 'LUGO', 'RIVERA', 'ALEJITALU21@HOTMAIL.COM', '0', 82113, 8, 1),
(1110555193, 'JUAN SEBASTI?N', 'MOSCOSO', 'CANDIA', 'juans_mc@hotmail.com', '3188018530', 82113, 8, 1),
(1110555221, 'JORGE ELIECER', 'GAVIRIA', '', 'geito2030@hotmail.com', '3188017086', 82113, 8, 1),
(1110555891, 'JOSE LUIS', 'AVILA', 'CUBIDES', 'jose-cubides@hotmail.es', '3105639725', 82113, 8, 1),
(1110556239, 'LAURA ALEJANDRA', 'DIAZ', 'GARCIA', 'lauragarcia.17@hotmail.com', '3115046970', 82113, 8, 1),
(1110556406, 'LINA MARCELA', 'GORDILLO', 'BERNAL', 'marcelagb18@hotmail.es', '3138626717', 82113, 8, 1),
(1110556592, 'ANGIE DANIELA', 'CASTELLANOS', 'DIAZ', 'adcastellanos9@misena.edu.co', '3115989734', 82113, 8, 1),
(1110557646, 'LUZ KARIME', 'HERNANDEZ', 'MURILLO', 'karime.hernandez@gmail.com', '3112703092', 82113, 8, 1),
(1110558684, 'LUIS MANUEL', 'BERNATE', '', 'lucho_rvs@hotmail.com', '382698769', 82113, 8, 1),
(1110559004, 'DANIELA ', 'ALTURO', 'MANRIQUE', 'daniialturo.16@gmail.com', '3133109763', 82113, 8, 1),
(1110559067, 'NATHALI YULIETH', 'ORJUELA', 'GARCIA', 'celeste151111@hotmail.com', '3132531666', 82113, 8, 1),
(1110559401, 'ASTRID CAROLINA', 'OSPINA', 'MARIN', 'carola_ospina29@hotmail.com', '3103962160', 82113, 8, 1),
(1110560117, 'BAYRON ', 'TORRES', 'HERNANDEZ', 'btorres1@misena.edu.co', '3102634126', 82113, 8, 1),
(1110560723, 'HELEN TATIANA', 'CORTES', 'RAMIREZ', 'tatianitacora@hotmail.com', '3103015047', 82113, 8, 1),
(1110561556, 'NIXON ARLEY', 'HERRERA', 'DIAZ', 'arlei_diaz@hotmail.com', '3123713405', 82113, 8, 1),
(1110561598, 'LAURA CAMILA', 'DIAZ', 'AGUIRRE', 'lkamila-13@hotmail.com', '3132391655', 82113, 8, 1),
(1110561938, 'MANUEL ALEJANDRO', '?NGEL', 'MU?OZ', 'alejandro11angel@hotmail.com', '3214916171', 82113, 8, 1),
(1110563093, 'LAURA LICETH', 'VARGAS', 'TRIANA', 'lautriana33@hotmail.com', '3145969278', 82113, 8, 1),
(1110564762, 'YOLANDA ', 'BORDA', 'PARRA', 'yoli_andres@hotmail.com', '3148432093', 82113, 8, 1),
(1110565072, 'MAR?A CAMILA', 'QUINTERO', 'CASTA?O', '', '', 82113, 8, 1),
(1110565103, 'DAVID ', 'MALAVER', 'PINTO', 'tech.747@hotmail.com', '3144522143', 82113, 8, 1),
(1110565365, 'YENIFER PAOLA', 'MORENO', 'PADILLA', 'yenifer1127@gmail.com', '3044686294', 82113, 8, 1),
(1110565848, 'ANGELICA MARIA', 'VILLANUEVA', 'BORRERO', 'angel.maria.13@hotmail.com', '3103337561', 82113, 8, 1),
(1110566192, 'JENNIFER ANDREA', 'ESPINOSA', 'BARRERO', 'yeyeaespinosa@hotmail.com', '3167484974', 82113, 8, 1),
(1110566592, 'LINA MAYERLY', 'RODRIGUEZ', 'GRIJALBA', 'lina519_@hotmail.com', '3042169285', 82113, 8, 1),
(1110566957, 'JHON ALEJANDRO', 'BARRETO', 'GARCIA', 'alejo_ground119@hotmail.com', '382604723', 82113, 8, 1),
(1110567370, 'FABI?N ALEJANDRO', 'SIERRA', 'OSPINA', 'alejo_13_sierra@hotmail.es', '3125126896', 82113, 8, 1),
(1110569451, 'MELISSA ANDREY', 'CAUSA', 'GUTIERREZ', 'causalili15@hotmail.com', '3209858091', 82113, 8, 1),
(1110569463, 'DAHYANA ', 'MARTINEZ', 'ARCE', 'dahyanam1996@hotmail.com', '3002977055', 82113, 8, 1),
(1110570066, 'JUAN CAMILO', 'CALDERON', 'ALDANA', '', '', 82113, 8, 1),
(1110571319, 'LIZETH PAOLA', 'FORERO', 'CASTELLANOS', 'lizethpaol303@hotmail.com', '3132013196', 82113, 8, 1),
(1110572265, 'LIZET NATALIA', 'GUAYARA', 'MOJICA', '', '', 82113, 8, 1),
(1110573745, 'LAURA STHEFANY', 'VALDES', 'PRECIADO', 'lsvaldez1@misena.edu.co', '3132375605', 82113, 8, 1),
(1110574212, 'JOSE ALEJANDRO', 'FRASICA', 'MURCIA', 'j.alejandro2808@hotmail.com', '3213899034', 82113, 8, 1),
(1111196934, 'YEISON ANDES', 'VALENCIA', 'AGUILAR', 'yavalencia4@misena.edu.co', '3212230388', 82113, 8, 1),
(1111453184, 'ANG?LICA MAR?A', 'G?MEZ', 'CASTRO', 'ANGELICAMARIAG3@GMAIL.COM', '3214503518', 82112, 8, 1),
(1113632296, 'CHRISTIAN CAMILO', 'CUENCA', 'BERNATE', 'christiancubern@gmail.com', '3143182966', 82113, 8, 1),
(1113665566, 'HAMILTON ALEXIS', 'RESTREPO', 'HERNANDEZ', '', '', 82113, 8, 1),
(1121830948, 'LORENA PAOLA', 'ANGULO', 'BELTRAN', 'dulcelorena.72@hotmail.com', '3125640953', 82113, 8, 1),
(1123330867, 'LUISA FERNANDA', 'CABEZAS', 'CLAROS', 'ferchitacabezas@hotmail.com', '3202532747', 82113, 8, 1),
(1130671782, 'JOHANNA CAROLINA', 'LEDESMA', 'PARDO', '', '', 82113, 8, 1);
INSERT INTO `principal` (`idcedula`, `pnombre`, `papellido`, `papellido2`, `pcorreo`, `ptel`, `centro_ubica_idcentro_ubica`, `unidad_estado_idunidad_estado`, `tipo_idtipo`) VALUES
(1192726633, 'DANIELA PATRICIA', 'GIRON', 'SANCHEZ', 'abogaodogiron@hotmail.com', '3143257139', 82113, 8, 1),
(2147483647, 'Nelly Rocio', 'Gonzalez', 'Cubillos', 'n31gonzalez@gmail.com', '3143685437', 82112, 8, 1);

-- --------------------------------------------------------

--
-- Estructura de tabla para la tabla `registro`
--

CREATE TABLE IF NOT EXISTS `registro` (
  `idregistro` int(11) NOT NULL AUTO_INCREMENT,
  `nregistro` varchar(45) DEFAULT NULL,
  `principal_idprincipal` int(11) NOT NULL,
  PRIMARY KEY (`idregistro`),
  KEY `fk_registro_principal1_idx` (`principal_idprincipal`)
) ENGINE=InnoDB  DEFAULT CHARSET=utf8 AUTO_INCREMENT=15 ;

--
-- Volcado de datos para la tabla `registro`
--

INSERT INTO `registro` (`idregistro`, `nregistro`, `principal_idprincipal`) VALUES
(1, '02-12-2014 19:25:21 JATECBTI540', 14297510),
(2, '02-12-2014 19:25:21 JATECBTI540', 14297510),
(3, '02-12-2014 19:26:53 JATECBTI538', 13511188),
(4, '02-12-2014 19:26:53 JATECBTI538', 13511188),
(5, '02-12-2014 19:30:35 JATECBTI538', 13511188),
(6, '02-12-2014 19:30:35 JATECBTI538', 13511188),
(7, '02-12-2014 19:34:59 JATECBTI540', 14297510),
(8, '02-12-2014 19:34:59 JATECBTI540', 14297510),
(9, '02-12-2014 19:50:49 JATECBTI540', 14297510),
(10, '02-12-2014 19:50:49 JATECBTI540', 14297510),
(11, '02-12-2014 19:54:15 JATECBTI540', 14297510),
(12, '02-12-2014 19:54:15 JATECBTI540', 14297510),
(13, '02-12-2014 22:11:57 JATECBTI540', 14297510),
(14, '02-12-2014 22:11:57 JATECBTI540', 14297510);

-- --------------------------------------------------------

--
-- Estructura de tabla para la tabla `tipo`
--

CREATE TABLE IF NOT EXISTS `tipo` (
  `idtipo` int(11) NOT NULL AUTO_INCREMENT,
  `ntipo` varchar(45) DEFAULT NULL,
  PRIMARY KEY (`idtipo`)
) ENGINE=InnoDB  DEFAULT CHARSET=utf8 AUTO_INCREMENT=4 ;

--
-- Volcado de datos para la tabla `tipo`
--

INSERT INTO `tipo` (`idtipo`, `ntipo`) VALUES
(1, 'Activo'),
(2, 'Inactivo');

-- --------------------------------------------------------

--
-- Estructura de tabla para la tabla `unidad_estado`
--

CREATE TABLE IF NOT EXISTS `unidad_estado` (
  `idunidad_estado` int(11) NOT NULL AUTO_INCREMENT,
  `nunidad_es` varchar(45) DEFAULT NULL,
  `unidad_tipo` varchar(45) DEFAULT NULL,
  PRIMARY KEY (`idunidad_estado`)
) ENGINE=InnoDB  DEFAULT CHARSET=utf8 AUTO_INCREMENT=32 ;

--
-- Volcado de datos para la tabla `unidad_estado`
--

INSERT INTO `unidad_estado` (`idunidad_estado`, `nunidad_es`, `unidad_tipo`) VALUES
(1, 'Dirección', 'Administrativa'),
(2, 'GAF (Administrativa y Financiera)', 'Administrativa'),
(3, 'VIACI Unidad Misional Académica y de Investig', 'Misional'),
(4, 'VIDER Unidad Misional de Desarrollo Regional', 'Misional'),
(5, 'VIMEP Unidad Misional de Medios y Mediacione', 'Misional'),
(6, 'ECEDU', 'Academica'),
(7, 'ECACEN', 'Academica'),
(8, 'ECBTI', 'Academica'),
(9, 'ECAPMA', 'Academica'),
(10, 'ECSAH', 'Academica'),
(11, 'Registro y Control', 'Administrativa'),
(12, 'Bienestar Universitario', 'Academica'),
(13, 'GIDT (Innovación y Desarrollo Tecnológico)', 'Administrativa'),
(14, 'Almacén e Inventarios', 'Administrativa'),
(15, 'Investigación / SIUNAD', 'Academica'),
(16, 'Consejeria', 'Academica'),
(17, 'Talento Humano', 'Administrativa'),
(18, 'Espacios e Infraestructura', 'Administrativa'),
(19, 'Créditos y Mercadeo (ICETEX)', 'Administrativa'),
(20, 'Biblioteca', 'Academica'),
(21, 'Calidad y Mejoramiento Continuo', 'Administrativa'),
(22, 'Gestión Documental', 'Administrativa'),
(23, 'Laboratorios (Fisica / Quimica)', 'Administrativa'),
(24, 'Sistema de Atención al Usuario SAU', 'Administrativa'),
(25, 'PIGA (Plan Integrado de Gestión Ambiental)', 'Administrativa'),
(26, 'Administrativos', 'Administrativa'),
(27, 'Personal Externo', 'Externo'),
(28, 'VISAE (Unidad Misional de Servicios a Aspiran', 'Academica'),
(29, 'Egresado ', 'Estudiante'),
(30, 'Estudiante', 'Estudiante'),
(31, 'INVIL', 'Academica');

--
-- Restricciones para tablas volcadas
--

--
-- Filtros para la tabla `cantidad_anio`
--
ALTER TABLE `cantidad_anio`
  ADD CONSTRAINT `fk_cantidad_anio_imgreg1` FOREIGN KEY (`imgreg_idimgreg`) REFERENCES `imgreg` (`idimgreg`) ON DELETE NO ACTION ON UPDATE NO ACTION,
  ADD CONSTRAINT `fk_cantidad_anio_principal1` FOREIGN KEY (`principal_idprincipal`) REFERENCES `principal` (`idcedula`) ON DELETE NO ACTION ON UPDATE NO ACTION;

--
-- Filtros para la tabla `principal`
--
ALTER TABLE `principal`
  ADD CONSTRAINT `fk_principal_centro_ubica1` FOREIGN KEY (`centro_ubica_idcentro_ubica`) REFERENCES `centro_ubica` (`idcentro_ubica`) ON DELETE NO ACTION ON UPDATE NO ACTION,
  ADD CONSTRAINT `fk_principal_tipo1` FOREIGN KEY (`tipo_idtipo`) REFERENCES `tipo` (`idtipo`) ON DELETE NO ACTION ON UPDATE NO ACTION,
  ADD CONSTRAINT `fk_principal_unidad_estado1` FOREIGN KEY (`unidad_estado_idunidad_estado`) REFERENCES `unidad_estado` (`idunidad_estado`) ON DELETE NO ACTION ON UPDATE NO ACTION;

--
-- Filtros para la tabla `registro`
--
ALTER TABLE `registro`
  ADD CONSTRAINT `fk_registro_principal1` FOREIGN KEY (`principal_idprincipal`) REFERENCES `principal` (`idcedula`) ON DELETE NO ACTION ON UPDATE NO ACTION;

/*!40101 SET CHARACTER_SET_CLIENT=@OLD_CHARACTER_SET_CLIENT */;
/*!40101 SET CHARACTER_SET_RESULTS=@OLD_CHARACTER_SET_RESULTS */;
/*!40101 SET COLLATION_CONNECTION=@OLD_COLLATION_CONNECTION */;
