-- MySQL Administrator dump 1.4
--
-- ------------------------------------------------------
-- Server version	5.6.16


/*!40101 SET @OLD_CHARACTER_SET_CLIENT=@@CHARACTER_SET_CLIENT */;
/*!40101 SET @OLD_CHARACTER_SET_RESULTS=@@CHARACTER_SET_RESULTS */;
/*!40101 SET @OLD_COLLATION_CONNECTION=@@COLLATION_CONNECTION */;
/*!40101 SET NAMES utf8 */;

/*!40014 SET @OLD_UNIQUE_CHECKS=@@UNIQUE_CHECKS, UNIQUE_CHECKS=0 */;
/*!40014 SET @OLD_FOREIGN_KEY_CHECKS=@@FOREIGN_KEY_CHECKS, FOREIGN_KEY_CHECKS=0 */;
/*!40101 SET @OLD_SQL_MODE=@@SQL_MODE, SQL_MODE='NO_AUTO_VALUE_ON_ZERO' */;


--
-- Create schema ecbtiCertificaciones
--

CREATE DATABASE IF NOT EXISTS ecbtiCertificaciones;
USE ecbtiCertificaciones;

--
-- Definition of table `cantidad_anio`
--

DROP TABLE IF EXISTS `cantidad_anio`;
CREATE TABLE `cantidad_anio` (
  `idcantidad_anio` int(11) NOT NULL AUTO_INCREMENT,
  `principal_idprincipal` int(11) NOT NULL,
  `codigo` varchar(35) DEFAULT NULL,
  `imgreg_idimgreg` int(11) NOT NULL,
  PRIMARY KEY (`idcantidad_anio`),
  KEY `fk_cantidad_anio_principal1_idx` (`principal_idprincipal`),
  KEY `fk_cantidad_anio_imgreg1_idx` (`imgreg_idimgreg`),
  CONSTRAINT `fk_cantidad_anio_imgreg1` FOREIGN KEY (`imgreg_idimgreg`) REFERENCES `imgreg` (`idimgreg`) ON DELETE NO ACTION ON UPDATE NO ACTION,
  CONSTRAINT `fk_cantidad_anio_principal1` FOREIGN KEY (`principal_idprincipal`) REFERENCES `principal` (`idcedula`) ON DELETE NO ACTION ON UPDATE NO ACTION
) ENGINE=InnoDB AUTO_INCREMENT=616 DEFAULT CHARSET=utf8;

--
-- Dumping data for table `cantidad_anio`
--

/*!40000 ALTER TABLE `cantidad_anio` DISABLE KEYS */;
INSERT INTO `cantidad_anio` (`idcantidad_anio`,`principal_idprincipal`,`codigo`,`imgreg_idimgreg`) VALUES 
 (1,14297510,'elearning20140001',4),
 (2,436385,'elearning3854130001',4),
 (3,909184,'elearning1844130002',4),
 (4,2236827,'elearning8274130003',4),
 (5,4613164,'elearning1644130004',4),
 (6,4949440,'elearning4404130005',4),
 (7,5821351,'elearning3514130006',4),
 (8,5822044,'elearning0444130007',4),
 (9,6803413,'elearning4134130008',4),
 (10,7688970,'elearning9704130009',4),
 (11,7690737,'elearning7374130010',4),
 (12,7700122,'elearning1224130011',4),
 (13,7700721,'elearning7214130012',4),
 (14,7711119,'elearning1194130013',4),
 (15,7713465,'elearning4654130014',4),
 (16,7714257,'elearning2574130015',4),
 (17,7714310,'elearning3104130016',4),
 (18,9796371,'elearning3714130017',4),
 (19,9902888,'elearning8884130018',4),
 (20,10003651,'elearning6514130019',4),
 (21,10299484,'elearning4844130020',4),
 (22,12116311,'elearning3114130021',4),
 (23,12118886,'elearning8864130022',4),
 (24,12123087,'elearning0874130023',4),
 (25,12123904,'elearning9044130024',4),
 (26,12123904,'elearning9044130025',4),
 (27,12144439,'elearning4394130026',4),
 (28,12231988,'elearning9884130027',4),
 (29,12236763,'elearning7634130028',4),
 (30,12238739,'elearning7394130029',4),
 (31,12239348,'elearning3484130030',4),
 (32,12250128,'elearning1284130031',4),
 (33,12266411,'elearning4114130032',4),
 (34,12277763,'elearning7634130033',4),
 (35,12278935,'elearning9354130034',4),
 (36,12282465,'elearning4654130035',4),
 (37,12960361,'elearning3614130036',4),
 (38,12978110,'elearning1104130037',4),
 (39,12978489,'elearning4894130038',4),
 (40,12980992,'elearning9924130039',4),
 (41,14227156,'elearning1564130040',4),
 (42,14230223,'elearning2234130041',4),
 (43,14234376,'elearning3764130042',4),
 (44,14238495,'elearning4954130043',4),
 (45,14238582,'elearning5824130044',4),
 (46,14240917,'elearning9174130045',4),
 (47,14399619,'elearning6194130046',4),
 (48,14890958,'elearning9584130047',4),
 (49,15606458,'elearning4584130048',4),
 (50,16187100,'elearning1004130049',4),
 (51,16187581,'elearning5814130050',4),
 (52,16279284,'elearning2844130051',4),
 (53,16705600,'elearning6004130052',4),
 (54,17147267,'elearning2674130053',4),
 (55,17632065,'elearning0654130054',4),
 (56,17632065,'elearning0654130055',4),
 (57,17646820,'elearning8204130056',4),
 (58,17655389,'elearning3894130057',4),
 (59,18591168,'elearning1684130058',4),
 (60,19229742,'elearning7424130059',4),
 (61,19434038,'elearning0384130060',4),
 (62,19462860,'elearning8604130061',4),
 (63,20384672,'elearning6724130062',4),
 (64,22219172,'elearning1724130063',4),
 (65,23611077,'elearning0774130064',4),
 (66,23777993,'elearning9934130065',4),
 (67,26039299,'elearning2994130066',4),
 (68,26292189,'elearning1894130067',4),
 (69,26421438,'elearning4384130068',4),
 (70,28537619,'elearning6194130069',4),
 (71,28548912,'elearning9124130070',4),
 (72,28765137,'elearning1374130071',4),
 (73,29679817,'elearning8174130072',4),
 (74,29679817,'elearning8174130073',4),
 (75,30294716,'elearning7164130074',4),
 (76,30328234,'elearning2344130075',4),
 (77,30331029,'elearning0294130076',4),
 (78,30509522,'elearning5224130077',4),
 (79,31940186,'elearning1864130078',4),
 (80,34564864,'elearning8644130079',4),
 (81,36065813,'elearning8134130080',4),
 (82,36178216,'elearning2164130081',4),
 (83,36180117,'elearning1174130082',4),
 (84,36285513,'elearning5134130083',4),
 (85,36288240,'elearning2404130084',4),
 (86,36293052,'elearning0524130085',4),
 (87,36293202,'elearning2024130086',4),
 (88,36294372,'elearning3724130087',4),
 (89,36295751,'elearning7514130088',4),
 (90,36305698,'elearning6984130089',4),
 (91,36310491,'elearning4914130090',4),
 (92,36379567,'elearning5674130091',4),
 (93,36725447,'elearning4474130092',4),
 (94,37319012,'elearning0124130093',4),
 (95,37749753,'elearning7534130094',4),
 (96,38070445,'elearning4454130095',4),
 (97,38071057,'elearning0574130096',4),
 (98,38142580,'elearning5804130097',4),
 (99,38360639,'elearning6394130098',4),
 (100,38363041,'elearning0414130099',4),
 (101,39761393,'elearning3934130100',4),
 (102,40442692,'elearning6924130101',4),
 (103,40670744,'elearning7444130102',4),
 (104,40670804,'elearning8044130103',4),
 (105,40778632,'elearning6324130104',4),
 (106,40781115,'elearning1154130105',4),
 (107,41656218,'elearning2184130106',4),
 (108,42072415,'elearning4154130107',4),
 (109,42084493,'elearning4934130108',4),
 (110,42149423,'elearning4234130109',4),
 (111,42897495,'elearning4954130110',4),
 (112,45427156,'elearning1564130111',4),
 (113,45554816,'elearning8164130112',4),
 (114,48940789,'elearning7894130113',4),
 (115,51779464,'elearning4644130114',4),
 (116,51944716,'elearning7164130115',4),
 (117,52089087,'elearning0874130116',4),
 (118,52268126,'elearning1264130117',4),
 (119,52428649,'elearning6494130118',4),
 (120,52428649,'elearning6494130119',4),
 (121,52433449,'elearning4494130120',4),
 (122,52442011,'elearning0114130121',4),
 (123,52561770,'elearning7704130122',4),
 (124,52634103,'elearning1034130123',4),
 (125,52708936,'elearning9364130124',4),
 (126,52850139,'elearning1394130125',4),
 (127,53910494,'elearning4944130126',4),
 (128,55059795,'elearning7954130127',4),
 (129,55160563,'elearning5634130128',4),
 (130,55165408,'elearning4084130129',4),
 (131,55167055,'elearning0554130130',4),
 (132,55167102,'elearning1024130131',4),
 (133,55167102,'elearning1024130132',4),
 (134,55173487,'elearning4874130133',4),
 (135,55177249,'elearning2494130134',4),
 (136,55190429,'elearning4294130135',4),
 (137,59812952,'elearning9524130136',4),
 (138,60265823,'elearning8234130137',4),
 (139,60267953,'elearning9534130138',4),
 (140,63473603,'elearning6034130139',4),
 (141,65630864,'elearning8644130140',4),
 (142,65631279,'elearning2794130141',4),
 (143,65631858,'elearning8584130142',4),
 (144,65699958,'elearning9584130143',4),
 (145,65711092,'elearning0924130144',4),
 (146,65713716,'elearning7164130145',4),
 (147,65714171,'elearning1714130146',4),
 (148,65714645,'elearning6454130147',4),
 (149,65715111,'elearning1114130148',4),
 (150,65715131,'elearning1314130149',4),
 (151,65717098,'elearning0984130150',4),
 (152,65726654,'elearning6544130151',4),
 (153,65736342,'elearning3424130152',4),
 (154,65744555,'elearning5554130153',4),
 (155,65748090,'elearning0904130154',4),
 (156,65749062,'elearning0624130155',4),
 (157,65753422,'elearning4224130156',4),
 (158,65759455,'elearning4554130157',4),
 (159,65765117,'elearning1174130158',4),
 (160,65775354,'elearning3544130159',4),
 (161,65777058,'elearning0584130160',4),
 (162,65779938,'elearning9384130161',4),
 (163,65782881,'elearning8814130162',4),
 (164,66999201,'elearning2014130163',4),
 (165,77192299,'elearning2994130164',4),
 (166,79297706,'elearning7064130165',4),
 (167,79421798,'elearning7984130166',4),
 (168,79504883,'elearning8834130167',4),
 (169,79636025,'elearning0254130168',4),
 (170,79693723,'elearning7234130169',4),
 (171,80073510,'elearning5104130170',4),
 (172,80842672,'elearning6724130171',4),
 (173,91517435,'elearning4354130172',4),
 (174,93133055,'elearning0554130173',4),
 (175,93236768,'elearning7684130174',4),
 (176,93239918,'elearning9184130175',4),
 (177,93291958,'elearning9584130176',4),
 (178,93291962,'elearning9624130177',4),
 (179,93292919,'elearning9194130178',4),
 (180,93294739,'elearning7394130179',4),
 (181,93297411,'elearning4114130180',4),
 (182,93376975,'elearning9754130181',4),
 (183,93390110,'elearning1104130182',4),
 (184,93390998,'elearning9984130183',4),
 (185,93393312,'elearning3124130184',4),
 (186,93400380,'elearning3804130185',4),
 (187,93404131,'elearning1314130186',4),
 (188,93410969,'elearning9694130187',4),
 (189,94432498,'elearning4984130188',4),
 (190,400824215,'elearning2154130189',4),
 (191,1006165142,'elearning1424130190',4),
 (192,1012394305,'elearning3054130191',4),
 (193,1014213646,'elearning6464130192',4),
 (194,1018422474,'elearning4744130193',4),
 (195,1020718909,'elearning9094130194',4),
 (196,1032370921,'elearning9214130195',4),
 (197,1052380736,'elearning7364130196',4),
 (198,1063164336,'elearning3364130197',4),
 (199,1069282275,'elearning2754130198',4),
 (200,1080931258,'elearning2584130199',4),
 (201,1080931258,'elearning2584130200',4),
 (202,1081152535,'elearning5354130201',4),
 (203,1082125164,'elearning1644130202',4),
 (204,1083866186,'elearning1864130203',4),
 (205,1104695592,'elearning5924130204',4),
 (206,1104695945,'elearning9454130205',4),
 (207,1104697519,'elearning5194130206',4),
 (208,1104698874,'elearning8744130207',4),
 (209,1104703098,'elearning0984130208',4),
 (210,1104703912,'elearning9124130209',4),
 (211,1104704804,'elearning8044130210',4),
 (212,1104705765,'elearning7654130211',4),
 (213,1104706684,'elearning6844130212',4),
 (214,1104707031,'elearning0314130213',4),
 (215,1110444232,'elearning2324130214',4),
 (216,1110457025,'elearning0254130215',4),
 (217,1110461828,'elearning8284130216',4),
 (218,1110468425,'elearning4254130217',4),
 (219,1110489264,'elearning2644130218',4),
 (220,1110490789,'elearning7894130219',4),
 (221,1110502057,'elearning0574130220',4),
 (222,1110507727,'elearning7274130221',4),
 (223,1111453019,'elearning0194130222',4),
 (224,1117502041,'elearning0414130223',4),
 (225,2147483647,'elearning3554130224',4),
 (226,2147483647,'elearning9144130225',4),
 (227,2147483647,'elearning7404130226',4),
 (228,2147483647,'elearning7804130227',4),
 (229,2147483647,'elearning1014130228',4),
 (230,1234567890,'elearning8904130229',4),
 (231,1234567890,'elearning54J4130230',4),
 (232,93400380,'elearning3803120231',3),
 (233,10133240,'elearning2403120232',3),
 (234,94432498,'elearning4983120233',3),
 (235,52428649,'elearning6493120234',3),
 (236,93294739,'elearning7393120235',3),
 (237,1081152535,'elearning5353120236',3),
 (238,65715131,'elearning1313120237',3),
 (239,79693723,'elearning7233120238',3),
 (240,1104697519,'elearning5193120239',3),
 (241,1110461828,'elearning8283120240',3),
 (242,17646820,'elearning8203120241',3),
 (243,19229742,'elearning7423120242',3),
 (244,65795343,'elearning3433120243',3),
 (245,40778632,'elearning6323120244',3),
 (246,40771518,'elearning5183120245',3),
 (247,65783701,'elearning7013120246',3),
 (248,65783701,'elearning7013120247',3),
 (249,12980992,'elearning9923120248',3),
 (250,16187581,'elearning5813120249',3),
 (251,40740133,'elearning1333120250',3),
 (252,40670804,'elearning8043120251',3),
 (253,65714171,'elearning1713120252',3),
 (254,51761142,'elearning1423120253',3),
 (255,36293202,'elearning2023120254',3),
 (256,6801740,'elearning7403120255',3),
 (257,45554816,'elearning8163120256',3),
 (258,14240917,'elearning9173120257',3),
 (259,93420451,'elearning4513120258',3),
 (260,36293052,'elearning0523120259',3),
 (261,17650254,'elearning2543120260',3),
 (262,79968190,'elearning1903120261',3),
 (263,16187100,'elearning1003120262',3),
 (264,15606458,'elearning4583120263',3),
 (265,65713240,'elearning2403120264',3),
 (266,65716666,'elearning6663120265',3),
 (267,5945052,'elearning0523120266',3),
 (268,93291958,'elearning9583120267',3),
 (269,93413066,'elearning0663120268',3),
 (270,79504883,'elearning8833120269',3),
 (271,65719642,'elearning6423120270',3),
 (272,38142580,'elearning5803120271',3),
 (273,1104695114,'elearning1143120272',3),
 (274,30328234,'elearning2343120273',3),
 (275,28838693,'elearning6933120274',3),
 (276,1110483218,'elearning2183120275',3),
 (277,1104702370,'elearning3703120276',3),
 (278,65785524,'elearning5243120277',3),
 (279,93408711,'elearning7113120278',3),
 (280,52442011,'elearning0113120279',3),
 (281,7713465,'elearning4653120280',3),
 (282,36178216,'elearning2163120281',3),
 (283,52089087,'elearning0873120282',3),
 (284,12233387,'elearning3873120283',3),
 (285,30294716,'elearning7163120284',3),
 (286,12104117,'elearning1173120285',3),
 (287,52767040,'elearning0403120286',3),
 (288,14227156,'elearning1563120287',3),
 (289,26420603,'elearning6033120288',3),
 (290,93362086,'elearning0863120289',3),
 (291,36067904,'elearning9043120290',3),
 (292,23777993,'elearning9933120291',3),
 (293,63366730,'elearning7303120292',3),
 (294,17655123,'elearning1233120293',3),
 (295,41674354,'elearning3543120294',3),
 (296,1117496478,'elearning4783120295',3),
 (297,40670804,'elearning8043120296',3),
 (298,40781792,'elearning7923120297',3),
 (299,40779099,'elearning0993120298',3),
 (300,79412611,'elearning6113120299',3),
 (301,12196369,'elearning3693120300',3),
 (302,16161229,'elearning2293120301',3),
 (303,7711119,'elearning1193120302',3),
 (304,55173487,'elearning4873120303',3),
 (305,12118886,'elearning8863120304',3),
 (306,36065813,'elearning8133120305',3),
 (307,26421438,'elearning4383120306',3),
 (308,52115682,'elearning6823120307',3),
 (309,55177249,'elearning2493120308',3),
 (310,52115682,'elearning6823120309',3),
 (311,1079408403,'elearning4033120310',3),
 (312,12126780,'elearning7803120311',3),
 (313,12123087,'elearning0873120312',3),
 (314,36314903,'elearning9033120313',3),
 (315,93337995,'elearning9953120314',3),
 (316,7696829,'elearning8293120315',3),
 (317,1083891564,'elearning5643120316',3),
 (318,1110535260,'elearning2603120317',3),
 (319,1079180158,'elearning1583120318',3),
 (320,1079180158,'elearning1583120319',3),
 (321,37749753,'elearning7533120320',3),
 (322,79693723,'elearning7233120321',3),
 (323,93294739,'elearning7393120322',3),
 (324,39562611,'elearning6113120323',3),
 (325,93420451,'elearning4513120324',3),
 (326,93337995,'elearning9953120325',3),
 (327,65783701,'elearning7013120326',3),
 (328,65795343,'elearning3433120327',3),
 (329,1075230700,'elearning7003120328',3),
 (330,16618449,'elearning4493120329',3),
 (331,14324193,'elearning1933120330',3),
 (332,38288704,'elearning7043120331',3),
 (333,2147483647,'elearning6433120332',3),
 (334,65749062,'elearning0623120333',3),
 (335,91508858,'elearning8583120334',3),
 (336,10162135,'elearning1353120335',3),
 (337,79693723,'elearning7233120336',3),
 (338,28838693,'elearning6933120337',3),
 (339,65737040,'elearning0403120338',3),
 (340,65758982,'elearning9823120339',3),
 (341,12117073,'elearning0733120340',3),
 (342,39562611,'elearning6113120341',3),
 (343,17773617,'elearning6173120342',3),
 (344,12278935,'elearning9353120343',3),
 (345,40049389,'elearning3893120344',3),
 (346,74180275,'elearning2753120345',3),
 (347,36314973,'elearning9733120346',3),
 (348,37941577,'elearning5773120347',3),
 (349,94432498,'elearning4983120348',3),
 (350,37323685,'elearning6853120349',3),
 (351,17338425,'elearning4253120350',3),
 (352,8409649,'elearning6493120351',3),
 (353,63473603,'elearning6033120352',3),
 (354,55173487,'elearning4873120353',3),
 (355,7224845,'elearning8453120354',3),
 (356,86076054,'elearning0543120355',3),
 (357,65714171,'elearning1713120356',3),
 (358,17646820,'elearning8203120357',3),
 (359,78108385,'elearning3853120358',3),
 (360,30330963,'elearning9633120359',3),
 (361,29671409,'elearning4093120360',3),
 (362,46378473,'elearning4733120361',3),
 (363,46378473,'elearning4733120362',3),
 (364,1070945274,'elearning2743120363',3),
 (365,12144439,'elearning4393120364',3),
 (366,3199930,'elearning9303120365',3),
 (367,1081411002,'elearning0023120366',3),
 (368,1116777193,'elearning1933120367',3),
 (369,7713465,'elearning4653120368',3),
 (370,93294739,'elearning7393120369',3),
 (371,12978110,'elearning1103120370',3),
 (372,93398946,'elearning9463120371',3),
 (373,16256727,'elearning7273120372',3),
 (374,16256727,'elearning7273120373',3),
 (375,1078366305,'elearning3053120374',3),
 (376,29187820,'elearning8203120375',3),
 (377,77192299,'elearning2993120376',3),
 (378,93376975,'elearning9753120377',3),
 (379,55059795,'elearning7953120378',3),
 (380,65736342,'elearning3423120379',3),
 (381,30344767,'elearning7673120380',3),
 (382,38282615,'elearning6153120381',3),
 (383,7305420,'elearning4203120382',3),
 (384,17645630,'elearning6303120383',3),
 (385,93393312,'elearning3123120384',3),
 (386,1065608270,'elearning2703120385',3),
 (387,10187715,'elearning7153120386',3),
 (388,1054549119,'elearning1193120387',3),
 (389,30340993,'elearning9933120388',3),
 (390,24714134,'elearning1343120389',3),
 (391,30387306,'elearning3063120390',3),
 (392,79526126,'elearning1263120391',3),
 (393,3183616,'elearning6163120392',3),
 (394,41963024,'elearning0243120393',3),
 (395,30344393,'elearning3933120394',3),
 (396,80544070,'elearning0703120395',3),
 (397,3044767,'elearning7673120396',3),
 (398,3044767,'elearning7673120397',3),
 (399,3044767,'elearning7673120398',3),
 (400,30235600,'elearning6003120399',3),
 (401,20828010,'elearning0103120400',3),
 (402,65715131,'elearning1313120401',3),
 (403,38282615,'elearning6153120402',3),
 (404,10184589,'elearning5893120403',3),
 (405,10181553,'elearning5533120404',3),
 (406,12277763,'elearning7633120405',3),
 (407,30349778,'elearning7783120406',3),
 (408,10695871,'elearning8713120407',3),
 (409,30387420,'elearning4203120408',3),
 (410,23777993,'elearning9933120409',3),
 (411,17643985,'elearning9853120410',3),
 (412,65779938,'elearning9383120411',3),
 (413,93291958,'elearning9583120412',3),
 (414,65719642,'elearning6423120413',3),
 (415,93296126,'elearning1263120414',3),
 (416,93294864,'elearning8643120415',3),
 (417,65749062,'elearning0623120416',3),
 (418,65775461,'elearning4613120417',3),
 (419,65699958,'elearning9583120418',3),
 (420,1109265607,'elearning6073120419',3),
 (421,2147483647,'elearning3043120420',3),
 (422,49774163,'elearning1633120421',3),
 (423,40917675,'elearning6753120422',3),
 (424,52170710,'elearning7103120423',3),
 (425,7700122,'elearning1223120424',3),
 (426,65726654,'elearning6543120425',3),
 (427,36311152,'elearning1523120426',3),
 (428,12104117,'elearning1173120427',3),
 (429,12117073,'elearning0733120428',3),
 (430,93418339,'elearning3393120429',3),
 (431,33750953,'elearning9533120430',3),
 (432,51767670,'elearning6703120431',3),
 (433,51742572,'elearning5723120432',3),
 (434,12278935,'elearning9353120433',3),
 (435,14138841,'elearning8413120434',3),
 (436,12282465,'elearning4653120435',3),
 (437,26528977,'elearning9773120436',3),
 (438,12271003,'elearning0033120437',3),
 (439,55132187,'elearning1873120438',3),
 (441,5260229,'elearning2293120440',3),
 (442,36175192,'elearning1923120441',3),
 (443,5829962,'elearning9623120442',3),
 (444,19433494,'elearning4943120443',3),
 (445,80040889,'elearning8893120444',3),
 (446,80059140,'elearning1403120445',3),
 (447,80881405,'elearning4053120446',3),
 (448,16161229,'elearning2293120447',3),
 (449,7706046,'elearning0463120448',3),
 (450,40078455,'elearning4553120449',3),
 (451,55167102,'elearning1023120450',3),
 (452,40078098,'elearning0983120451',3),
 (453,17977001,'elearning0013120452',3),
 (454,5826177,'elearning1773120453',3),
 (455,65741829,'elearning8293120454',3),
 (456,79504883,'elearning8833120455',3),
 (457,1032390966,'elearning9663120456',3),
 (458,36285513,'elearning5133120457',3),
 (459,79421798,'elearning7983120458',3),
 (460,12236763,'elearning7633120459',3),
 (461,31941086,'elearning0863120460',3),
 (462,36295751,'elearning7513120461',3),
 (463,12233814,'elearning8143120462',3),
 (464,52767040,'elearning0403120463',3),
 (465,16705600,'elearning6003120464',3),
 (466,93404131,'elearning1313120465',3),
 (467,93236768,'elearning7683120466',3),
 (468,14297510,'elearning5103120467',3),
 (469,14238495,'elearning4953120468',3),
 (470,93406449,'elearning4493120469',3),
 (471,4949440,'elearning4403120470',3),
 (472,10133240,'elearning2403120471',3),
 (473,12144439,'elearning4393120472',3),
 (474,7700721,'elearning7213120473',3),
 (475,12118886,'elearning8863120474',3),
 (476,23781806,'elearning8063120475',3),
 (477,1110489264,'elearning2643120476',3),
 (478,93390998,'elearning9983120477',3),
 (479,65630864,'elearning8643120478',3),
 (480,65779289,'elearning2893120479',3),
 (481,79412611,'elearning6113120480',3),
 (482,40781115,'elearning1153120481',3),
 (483,93410969,'elearning9693120482',3),
 (484,12136736,'elearning7363120483',3),
 (485,7714310,'elearning3103120484',3),
 (486,1075209376,'elearning3763120485',3),
 (487,28539780,'elearning7803120486',3),
 (488,1081404308,'elearning3083120487',3),
 (489,1117510031,'elearning0312110488',2),
 (490,40078098,'elearning0982110489',2),
 (491,12980992,'elearning9922110490',2),
 (492,63473603,'elearning6032110491',2),
 (493,45495497,'elearning4972110492',2),
 (494,45554816,'elearning8162110493',2),
 (495,26420603,'elearning6032110494',2),
 (496,17637820,'elearning8202110495',2),
 (497,65716666,'elearning6662110496',2),
 (498,19229742,'elearning7422110497',2),
 (499,12104117,'elearning1172110498',2),
 (500,26422816,'elearning8162110499',2),
 (501,41620678,'elearning6782110500',2),
 (502,36176843,'elearning8432110501',2),
 (503,36177302,'elearning3022110502',2),
 (504,23777993,'elearning9932110503',2),
 (505,40778632,'elearning6322110504',2),
 (506,17646820,'elearning8202110505',2),
 (507,65714171,'elearning1712110506',2),
 (508,65736342,'elearning3422110507',2),
 (509,14237465,'elearning4652110508',2),
 (510,93398946,'elearning9462110509',2),
 (511,65753177,'elearning1772110510',2),
 (512,63366730,'elearning7302110511',2),
 (513,14324193,'elearning1932110512',2),
 (514,38288704,'elearning7042110513',2),
 (515,79693723,'elearning7232110514',2),
 (516,17659231,'elearning2312110515',2),
 (517,36175192,'elearning1922110516',2),
 (518,40771518,'elearning5182110517',2),
 (519,14136975,'elearning9752110518',2),
 (520,14240917,'elearning9172110519',2),
 (521,93238947,'elearning9472110520',2),
 (522,36305698,'elearning6982110521',2),
 (523,36067904,'elearning9042110522',2),
 (524,10299484,'elearning4842110523',2),
 (525,7696829,'elearning8292110524',2),
 (526,7713465,'elearning4652110525',2),
 (527,7711518,'elearning5182110526',2),
 (528,7700721,'elearning7212110527',2),
 (529,7711119,'elearning1192110528',2),
 (530,4949440,'elearning4402110529',2),
 (531,12118886,'elearning8862110530',2),
 (532,7711518,'elearning5182110531',2),
 (533,30509522,'elearning5222110532',2),
 (534,43157101,'elearning1012110533',2),
 (535,79504883,'elearning8832110534',2),
 (536,6803413,'elearning4132110535',2),
 (537,93420451,'elearning4512110536',2),
 (538,38550680,'elearning6802110537',2),
 (539,93418339,'elearning3392110538',2),
 (540,5823971,'elearning9712110539',2),
 (541,79297706,'elearning7062110540',2),
 (542,14238582,'elearning5822110541',2),
 (543,65782881,'elearning8812110542',2),
 (544,1110489264,'elearning2642110543',2),
 (545,93376115,'elearning1152110544',2),
 (546,93404131,'elearning1312110545',2),
 (547,65630864,'elearning8642110546',2),
 (548,14230223,'elearning2232110547',2),
 (549,94432498,'elearning4982110548',2),
 (550,14238495,'elearning4952110549',2),
 (551,93406449,'elearning4492110550',2),
 (552,96361252,'elearning2522110551',2),
 (553,36293202,'elearning2022110552',2),
 (554,12144439,'elearning4392110553',2),
 (555,30294716,'elearning7162110554',2),
 (556,39628705,'elearning7052110555',2),
 (557,7722334,'elearning3342110556',2),
 (558,7714310,'elearning3102110557',2),
 (559,10133240,'elearning2402110558',2),
 (560,93337995,'elearning9952110559',2),
 (561,10162135,'elearning1352110560',2),
 (562,65750510,'elearning5102110561',2),
 (563,5821351,'elearning3512110562',2),
 (564,93420451,'elearning4512110563',2),
 (565,93294739,'elearning7392110564',2),
 (566,55177249,'elearning2492110565',2),
 (567,1020718909,'elearning9092110566',2),
 (568,52115682,'elearning6822110567',2),
 (569,93400380,'elearning3802110568',2),
 (570,52428649,'elearning6492110569',2),
 (571,36310491,'elearning4912110570',2),
 (572,36178216,'elearning2162110571',2),
 (573,7715165,'elearning1652110572',2),
 (574,55173487,'elearning4872110573',2),
 (575,40670804,'elearning8042110574',2),
 (576,51761142,'elearning1422110575',2),
 (577,36180117,'elearning1172110576',2),
 (578,17646591,'elearning5912110577',2),
 (579,40088999,'elearning9992110578',2),
 (580,17647333,'elearning3332110579',2),
 (581,15606458,'elearning4582110580',2),
 (582,41715120,'elearning1202110581',2),
 (583,65765117,'elearning1172110582',2),
 (584,93413066,'elearning0662110583',2),
 (585,51944716,'elearning7162110584',2),
 (586,41380384,'elearning3842110585',2),
 (587,51944716,'elearning7162110586',2),
 (588,1053781235,'elearning2352110587',2),
 (589,30328234,'elearning2342110588',2),
 (590,65749062,'elearning0622110589',2),
 (591,65726654,'elearning6542110590',2),
 (592,1110461828,'elearning8282110591',2),
 (593,38142580,'elearning5802110592',2),
 (594,65795251,'elearning2512110593',2),
 (595,65795343,'elearning3432110594',2),
 (596,73159878,'elearning8782110595',2),
 (597,1075242647,'elearning6472110596',2),
 (598,10753246,'elearning2462110597',2),
 (599,14297510,'elearning5102110598',2),
 (600,79506630,'elearning6302110599',2),
 (601,1104697519,'elearning5192110600',2),
 (602,16161229,'elearning2292110601',2),
 (603,6801740,'elearning7402110602',2),
 (604,65631858,'elearning8582110603',2),
 (605,1110444232,'elearning2322110604',2),
 (606,36311152,'elearning1522110605',2),
 (607,40076581,'elearning5812110606',2),
 (608,65719642,'elearning6422110607',2),
 (609,14234376,'elearning3762110608',2),
 (610,65711092,'elearning0922110609',2),
 (611,17655389,'elearning3892110610',2),
 (612,12197661,'elearning6612110611',2),
 (613,40781792,'elearning7922110612',2),
 (614,40779099,'elearning0992110613',2),
 (615,14297510,'uncodigocualquiera2014',5);
/*!40000 ALTER TABLE `cantidad_anio` ENABLE KEYS */;


--
-- Definition of table `centro_ubica`
--

DROP TABLE IF EXISTS `centro_ubica`;
CREATE TABLE `centro_ubica` (
  `idcentro_ubica` int(11) NOT NULL,
  `nubicacion` varchar(45) DEFAULT NULL,
  `tipo_centro` varchar(45) DEFAULT NULL,
  PRIMARY KEY (`idcentro_ubica`)
) ENGINE=InnoDB DEFAULT CHARSET=utf8;

--
-- Dumping data for table `centro_ubica`
--

/*!40000 ALTER TABLE `centro_ubica` DISABLE KEYS */;
INSERT INTO `centro_ubica` (`idcentro_ubica`,`nubicacion`,`tipo_centro`) VALUES 
 (81100,'OCANIA','CEAD'),
 (81101,'BARRANQUILLA','CEAD'),
 (81102,'VALLEDUPAR','CEAD'),
 (81103,'COROZAL','CEAD'),
 (81104,'CARTAGENA (BOLIVAR)','CEAD'),
 (81111,'BARRANQUILLA (UNI CARTAGENA)','CEAD'),
 (81201,'SANTA MARTA','CEAD'),
 (81203,'SAHAGUN','CCAV'),
 (81301,'LA GUAJIRA','CEAD'),
 (82100,'YOPAL','CEAD'),
 (82101,'DUITAMA','CEAD'),
 (82102,'SOGAMOSO','CEAD'),
 (82103,'FACATATIVA','CEAD'),
 (82104,'GACHETA','CEAD'),
 (82105,'GIRARDOT','CEAD'),
 (82106,'SOCHA','CERES'),
 (82107,'ZIPAQUIRA','CEAD'),
 (82108,'PITALITO','CEAD'),
 (82109,'BUCARAMANGA','CEAD'),
 (82110,'MALAGA','CEAD'),
 (82111,'VELEZ','CERES'),
 (82112,'LIBANO','CERES'),
 (82113,'IBAGUE','CEAD'),
 (82114,'SOATA','CEAD'),
 (82150,'TUNJA','CEAD'),
 (82200,'LA PLATA HUILA','CERES'),
 (82201,'BOAVITA','CERES'),
 (82202,'CHIQUINQUIRA','CEAD'),
 (82203,'GARAGOA','CERES'),
 (82204,'PAMPLONA','CEAD'),
 (82205,'NEIVA','CCAV'),
 (82210,'ALBANIA','OTRO'),
 (82215,'CARTAGENA DEL CHAIRA','OTRO'),
 (82220,'DONCELLO','OTRO'),
 (82300,'MARIQUITA','CERES'),
 (83101,'LA DORADA','CEAD'),
 (83102,'POPAYAN','CEAD'),
 (83103,'PASTO','CEAD'),
 (83104,'PALMIRA','CEAD'),
 (83201,'MEDELLIN','CEAD'),
 (83203,'SANTANDER DE QUILICHAO','CERES'),
 (83204,'TURBO','CEAD'),
 (83300,'EJE CAFETERO (PEREIRA)','CCAV'),
 (83410,'MISTRATO','OTRO'),
 (83510,'QUINCHIA','OTRO'),
 (84101,'ACACIAS','CEAD'),
 (84202,'SAN JOSE DEL GUAVIARE','CEAD'),
 (85201,'FLORENCIA','CEAD'),
 (86100,'CENED','CEAD'),
 (86101,'(BOGOTA Cra 30) JOSE ACEVEDO Y GÓMEZ','CEAD'),
 (86104,'ARBELAEZ','CEAD'),
 (86201,'BACHILLERATO A DISTANCIA BOGOTA','OTRO'),
 (87001,'PTO CARRENIO','CEAD'),
 (87005,'QUIBDO','CEAD'),
 (87006,'CUMARAL','CERES'),
 (87007,'PUERTO CALDAS','CERES'),
 (87008,'EL BORDO','CERES'),
 (87009,'VALLE DEL GUAMUEZ','CERES'),
 (87010,'SAN VICENTE DEL CAGUAN','CERES'),
 (87011,'El Banco (MAGDALENA)','CERES'),
 (87012,'El Plato (MAGDALENA)','CERES'),
 (87013,'CURUMANI','CERES'),
 (87014,'SARAVENA','CEAD'),
 (87015,'CUBARA','UDR'),
 (90001,'CNAD FLORIDA','CEAD'),
 (99991,'SOACHA','UDR'),
 (99992,'CUCUTA','CCAV'),
 (99993,'TUMACO','UDR'),
 (99994,'LETICIA','UDR'),
 (99995,'OTROS CENTROS','OTRO'),
 (99996,'INDEPENDIENTE','OTRO'),
 (99997,'INSTITUCI?N EXTERNA','OTRO'),
 (99998,'ESCUELA DE POSTGRADOS','OTRO');
/*!40000 ALTER TABLE `centro_ubica` ENABLE KEYS */;


--
-- Definition of table `imgreg`
--

DROP TABLE IF EXISTS `imgreg`;
CREATE TABLE `imgreg` (
  `idimgreg` int(11) NOT NULL AUTO_INCREMENT,
  `imganio` int(45) DEFAULT NULL,
  `localimagen` varchar(50) DEFAULT NULL,
  PRIMARY KEY (`idimgreg`)
) ENGINE=InnoDB AUTO_INCREMENT=6 DEFAULT CHARSET=utf8;

--
-- Dumping data for table `imgreg`
--

/*!40000 ALTER TABLE `imgreg` DISABLE KEYS */;
INSERT INTO `imgreg` (`idimgreg`,`imganio`,`localimagen`) VALUES 
 (1,2009,'images/001.jpg'),
 (2,2011,'images/002.jpg'),
 (3,2012,'images/003.jpg'),
 (4,2013,'images/004.jpg'),
 (5,2014,'images/005.jpg');
/*!40000 ALTER TABLE `imgreg` ENABLE KEYS */;


--
-- Definition of table `principal`
--

DROP TABLE IF EXISTS `principal`;
CREATE TABLE `principal` (
  `idcedula` int(11) NOT NULL,
  `pnombre` varchar(45) DEFAULT NULL,
  `papellido` varchar(45) DEFAULT NULL,
  `papellido2` varchar(45) DEFAULT NULL,
  `pcorreo` varchar(45) DEFAULT NULL,
  `ptel` varchar(15) DEFAULT NULL,
  `centro_ubica_idcentro_ubica` int(11) NOT NULL,
  `unidad_estado_idunidad_estado` int(11) NOT NULL,
  `tipo_idtipo` int(11) NOT NULL,
  PRIMARY KEY (`idcedula`),
  KEY `fk_principal_centro_ubica1_idx` (`centro_ubica_idcentro_ubica`),
  KEY `fk_principal_unidad_estado1_idx` (`unidad_estado_idunidad_estado`),
  KEY `fk_principal_tipo1_idx` (`tipo_idtipo`),
  CONSTRAINT `fk_principal_centro_ubica1` FOREIGN KEY (`centro_ubica_idcentro_ubica`) REFERENCES `centro_ubica` (`idcentro_ubica`) ON DELETE NO ACTION ON UPDATE NO ACTION,
  CONSTRAINT `fk_principal_tipo1` FOREIGN KEY (`tipo_idtipo`) REFERENCES `tipo` (`idtipo`) ON DELETE NO ACTION ON UPDATE NO ACTION,
  CONSTRAINT `fk_principal_unidad_estado1` FOREIGN KEY (`unidad_estado_idunidad_estado`) REFERENCES `unidad_estado` (`idunidad_estado`) ON DELETE NO ACTION ON UPDATE NO ACTION
) ENGINE=InnoDB DEFAULT CHARSET=utf8;

--
-- Dumping data for table `principal`
--

/*!40000 ALTER TABLE `principal` DISABLE KEYS */;
INSERT INTO `principal` (`idcedula`,`pnombre`,`papellido`,`papellido2`,`pcorreo`,`ptel`,`centro_ubica_idcentro_ubica`,`unidad_estado_idunidad_estado`,`tipo_idtipo`) VALUES 
 (12345,'Natalia','Molina','Vargas','nataliamolina@unad.edu.co','31763560053',82113,8,1),
 (436385,'Maria Virginia','Su?rez','','virginia.suarez@raccoon.es','3043867135',99996,27,1),
 (909184,'Merce Santacana','Modesto','','merce.santacana@gmail.com','992438748',99997,27,1),
 (2236827,'Fabian Augusto','Molina','Martinez','fabian.molina@unad.edu.co','3172654062',82113,8,1),
 (3044767,'Edith Burgos','Tabares','','edith.burgos@unad.edu.co','32072554',82113,7,1),
 (3183616,'Moises Arturo','Chavez','','moises.chavez@unad.edu.co','8572588',83101,10,1),
 (3199930,'Cesar Hernan','Clavijo','Giral','cesar.clavijo@unad.edu.co','3125432945',82107,8,1),
 (4613164,'Nofal Javier','Alvira','Manios','nofal.alvira@unad.edu.co','3212829126',82108,3,1),
 (4949440,'Armando Perdomo','Quesada','','armando.perdomo@unad.edu.co','3103139000',82205,8,1),
 (5260229,'Carlos Alfonso','Araujo','Enriquez','abgcolombia@gmail.com','3104430651',83103,29,1),
 (5821351,'Fernando Augusto','Poveda','Aguja','fernando.poveda@unad.edu.co','3133950912',82300,8,1),
 (5822044,'Jhon Alber','Mar','Conde','jhon.marin@unad.edu.co','311 3964171',82205,6,1),
 (5823971,'Julian Rene','Cuellar','Buritica','jrenecb@gmail.com','3177254317',82113,8,1),
 (5826177,'German Montes','Garcia','','gmontes@uniminuto.edu','3103083554',99997,27,1),
 (5829962,'Mauricio Castro','Zabala','','mauricio.castro@unad.edu.co','3174591262',85201,9,1),
 (5945052,'Efrain Moreno','Hoyos','','efrain.moreno@unad.edu.co','2564318',82112,16,1),
 (6801740,'Diego Andres','Ospina','','diego.ospina@unad.edu.co','3114409324',85201,26,1),
 (6803413,'Franklin Lizcano','Celis','','franklin.lizcano@unad.edu.co','3142389989',85201,8,1),
 (7224845,'Edgar Crisanto','Medina','Pedraza','edgar.medina@unad.edu.co','3132611093',82113,10,1),
 (7305420,'Gerardo Augusto','Alfonso','Garc','gerardo.alfonso@unad.edu.co','3107944567',82202,7,1),
 (7688970,'Juan Carlos','Polanco','Lara','juan.polanco@unad.edu.co','3153644262',82205,8,1),
 (7690737,'Pablo Cesar','Vargas','Diaz','pablo.vargas@unad.edu.co','3177800866',82113,8,1),
 (7696829,'German Yobany','Beltran','Rondon','german.beltran@unad.edu.co','3178591517',82205,8,1),
 (7700122,'Jhon Perdomo','Betancourt','','jhon.perdomo@unad.edu.co','8715272',82205,26,1),
 (7700721,'Yhon Jerson','Robles','Puestes','yhon.robles@unad.edu.co','3185934999',82205,8,1),
 (7706046,'Luis Alejandro','Pab','Cortes','luis.pabon@unad.edu.co','3112752289',82200,10,1),
 (7711119,'Fabian Bolivar','Marin','','fabian.bolivar@unad.edu.co','3112426786',82205,8,1),
 (7711518,'Faiber Ignacio','Robayo','Betancourt','faiber.robayo@unad.edu.co','3114421130',82205,8,1),
 (7713465,'Diego Fernando','Sendoya','Losada','diego.sendoya@unad.edu.co','3112962936',82205,8,1),
 (7714257,'Julian Andres','Ospina','Quintero','julian.ospina@unad.edu.co','3164975710',82205,26,1),
 (7714310,'Mauricio Perdomo','Vargas','','mauricio.perdomo@unad.edu.co','3185133919',82200,8,1),
 (7715165,'Jhon Fredy','Bustos','Ruiz','jhon.bustos@unad.edu.co','3153565326',82205,10,1),
 (7722334,'Jorguen Alexander','Henao','Palacios','jorge.henao@unad.edu.co','3163412230',82200,8,1),
 (8409649,'Juan Hernandez','Hurtado','','juanh.hernandez@unad.edu.co','3148080312',82113,5,1),
 (9796371,'Giovanna Ibarra','Padilla','','gioane@hotmail.com','940249960',82113,27,1),
 (9902888,'Juan Flumencio','Chileno','Milla','jchilenomilla@gmail.com','51-1-997776687',99997,27,1),
 (10003651,'Leonardo','Leyton','','omar.leyton@unad.edu.co','982561117',82112,8,1),
 (10133240,'Juan Carlos','Garzon','Rodriguez','juan.garzon@unad.edu.co','3138255176',82112,8,1),
 (10162135,'Jorge Enrique','Zumaque','Virguez','jorge.zumaque@unad.edu.co','3132837747',82300,8,1),
 (10181553,'James Pe','Garzon','','james.pena@unad.edu.co','3137919869',83101,7,1),
 (10184589,'Leonardo Montilla','Malaver','','leonardo.montilla@unad.edu.co','3014355941',83101,26,1),
 (10187715,'Anwar Fernando','Issa','Correa','ANWAR.ISSA@UNAD.EDU.CO','3132441218',83101,9,1),
 (10299484,'Angelo Albano','Reyes','Carvajal','angelo.reyes@unad.edu.co','3118518172',82205,8,1),
 (10695871,'Elkin Neyl','Rodriguez','Cardozo','elkin.ridriguez@unad.edu.co','3146842611',87008,1,1),
 (10753246,'Mauricio Ninco','Salda','','mauriniko@gmail.com','3133873969',82205,30,1),
 (12104117,'Victor Hugo','Pe','Yunda','victor.pena@unad.edu.co','3208503947',82205,30,1),
 (12116311,'Melquiades Cardozo','Aviles','','melquiades.cardozo@unad.edu.co','3173638532',82205,26,1),
 (12117073,'Arlex Amezquita','Mendez','','arlex.amezquita@unad.edu.co','3003024085',82205,12,1),
 (12118886,'Jaime Rubiano','Llorente','','jaime.rubiano@unad.edu.co','3152410064',82205,8,1),
 (12123087,'Jos? Vicente','Polan','Rojas','jose.polania@unad.edu.co','3162276209',82205,10,1),
 (12123904,'Hernando Portilla','','','hernando.portilla@unad.edu.co','3158939036',82205,7,1),
 (12126780,'Jose Edaurdo','Corredor','Torres','eduardo.corredor@unad.edu.co','3138707778',82205,7,1),
 (12136736,'John Fredy','Perafan','Javela','john.perafan@unad.edu.co','3173746393',82205,8,1),
 (12144439,'Jhon Jairo','Perez','Burbano','jhon.perez@unad.edu.co','3112878030',82108,8,1),
 (12196369,'Raul Mosquera','Serrano','','raul.mosquera@unad.edu.co','3112192063',82108,8,1),
 (12197661,'Robinson Sin','Castro','Cuenca','robinson.castro@unad.edu.co','3176981741',82205,5,1),
 (12231988,'Luis Felipe','Narvaez','Galindez','luisf.narvaez@unad.edu.co','3142148741',82108,10,1),
 (12233387,'Hector Aguilera','Cuenca','','hector.aguilera@unad.edu.co','3153727422',82108,16,1),
 (12233814,'Jorge Eliecer','Cruz','Ortiz','jorge.cruz@unad.edu.co','3112814250',82108,1,1),
 (12236763,'Luis Herney','Salazar','Nieto','luis.salazar@unad.edu.co','3214395207',82108,9,1),
 (12238739,'Cesar Augusto','Parra','Aldana','cesar.parra@unad.edu.co','8361757',82108,9,1),
 (12239348,'Leonel Adames','Pe','','leonel.adames@unad.edu.co','3133949136',82108,30,1),
 (12250128,'Julio Cesar','Castillo','Mendoza','juliocastillo30@gmail.com','4165593907',99996,29,1),
 (12266411,'C?sar Augusto','Garc','Aguilar','cesara.garcia@unad.edu.co','3158031237',82108,31,1),
 (12271003,'Mois?s Moriones','Astaiza','','moises.moriones@unad.edu.co','3203029542',82200,9,1),
 (12277763,'Pablo Hernan','Riascos','Lizcano','pablo.riascos@unad.edu.co','3212428930',82200,8,1),
 (12278935,'Jorge Enrique','Montealegre','Cabrera','jorge.montealegre@unad.edu.co','3214587521',82200,5,1),
 (12282465,'Guillermo Camero','Escobar','','guillermo.camero@unad.edu.co','3114446267',82113,7,1),
 (12960361,'Jos? Antonio','L?pez','Insuasty','jose.lopez@unad.edi.co','3142999498',82108,26,1),
 (12978110,'Germ?n Alfredo','L?pez','Montezuma','german.lopez@unad.edu.co','3012864934',83103,7,1),
 (12978489,'Diego Ricardo','Benavides','Villota','diego.benavides@unad.edu.co','3136403297',83103,1,1),
 (12980992,'Jose Javier','Achicanoy','Miranda','javier.achicanoy@unad.edu.co','3133927829',85201,10,1),
 (14136975,'Jorge Armando','Hernandez','Lopez','jorgea.hernandez@unad.edu.co','3138227133',82113,9,1),
 (14138841,'Jhon Jairo','Aldana','Montealegre','jhon.aldana@unad.edu.co','3115735267',82200,26,1),
 (14227156,'William Ignacio','Montealegre','Torres','william.montealegre@unad.edu.co','3105516768',82108,9,1),
 (14230223,'Augusto Castro','Triana','','augusto.castro@unad.edu.co','3002712521',82113,8,1),
 (14234376,'Pedro Uriel','Rojas','Gualteros','pedro.rojas@unad.edu.co','3134046140',82113,6,1),
 (14237465,'Arnulfo Garcia','Cabezas','','arnulfo.garcia@unad.edu.co','3154361745',82113,7,1),
 (14238495,'Alejandro Mendez','Gonzalez','','alejandro.mendez@unad.edu.co','3002140790',82113,8,1),
 (14238582,'Otto Edgardo','Obando','Tovar','otobando@gmail.com','3183465371',82113,8,1),
 (14240917,'Danilo Bonilla','Trujillo','','danilo.bonilla@unad.edu.co','3174908752',82113,9,1),
 (14297510,'Darwin Yusef','Gonzalez','Triana','darwin.gonzalez@unad.edu.co','3202051241',82113,5,3),
 (14324193,'Jeiver Fernando','Gutierrez','Enciso','jeiver.gutierrez@unad.edu.co','3137542989',82300,7,1),
 (14399619,'Javier Ernesto','Rodriguez','Hernandez','javier.rodriguez@unad.edu.co','3164909677',82113,8,1),
 (14890958,'Juan Carlos','Triana','Ramirez','trianarjcgmail.com','3168021802',99997,27,1),
 (15606458,'Manuel De','La Vega','Miranda','manuel.vega@unad.edu.co','3104887343',82113,10,1),
 (16161229,'John Henry','Rondon','Suarez','john.rondon@unad.edu.co','3114842675',85201,26,1),
 (16187100,'Hernan Adolfo','Florez','Salazar','hernan.florez@unad.edu.co','3103221460',85201,16,1),
 (16187581,'Fabio Andr','Almario','Casta?eda','fabio.almario@unad.edu.co','3213151119',85201,10,1),
 (16256727,'Carlos Arturo','Benitez','Monroy','carlos.benitez','3148220266',83104,10,1),
 (16279284,'Luis Enrique','Escobar','Tafur','luis.escobar@unad.edu.co','3137959424',83104,8,1),
 (16618449,'Carlos Dar','Granada','Bedoya','carlos.granada@unad.edu.co','3183912868',85201,6,1),
 (16705600,'Jacob Vargas','Rayo','','jacob.vargas@unad.edu.co','3115147469',82108,6,1),
 (17147267,'Jorge ','Palacios','','jorge.palacios.unes2010@gmail.com','5,8413E+11',99997,27,1),
 (17338425,'Anyelo Quintero','Reyes','','anyelo.quintero@unad.edu.co','3213847951',82113,8,1),
 (17632065,'Moises Diaz','','','moises.diaz@unad.edu.co','3123135687',82113,1,1),
 (17637820,'Edilberto Silva','Fierro','','edilberto.silva@unad.edu.co','3103438190',85201,1,1),
 (17643985,'Fabio Alberto','Gonzalez','Salgado','fabio.gonzalez@farmaciavirtual.com.co','3144907307',82113,29,1),
 (17645630,'Alfonso Valderrama','Martinez','','alfonso.valderrama@unad.edu.co','3134237612',82205,3,1),
 (17646591,'Juan Pablo','Casta','Lozada','juanp.castano@unad.edu.co','3107877697',85201,10,1),
 (17646820,'Fernando Silva','Sabi','','fernando.silva@unad.edu.co','3157823501',85201,7,1),
 (17647333,'Wbeymar Herrera','Bilbao','','wbeymar.herrera@unad.edu.co','3115649371',85201,10,1),
 (17650254,'Nelson Sanchez','','','nelson.sanchez@una.edu.co','3138679675',85201,8,1),
 (17655123,'Juan Alexander','Trivi','Quiceno','juan.trivino@unad.edu.co','3132448150',85201,8,1),
 (17655389,'Hernan Mauricio','Zapata','','hernan.zapata@unad.edu.co','3106077570',82113,4,1),
 (17659231,'Dario Murcia','Lozada','','dario.murcia@unad.edu.co','3105580029',87010,7,1),
 (17773617,'Jaiver Parra','Conde','','jaiver.parra@unad.edu.co','3112375389',87010,8,1),
 (17977001,'Aslin Gonzalo','Botello','Plata','Aslin.botello@unad.edu.co','3004708815',81301,26,1),
 (18591168,'Andres Tamayo','Pati','','atpgc2005@gmail.com','3127834341',83300,29,1),
 (19229742,'Olmer Quintero','Osorio','','olmer.quintero@unad.edu.co','3112812756',82300,4,1),
 (19433494,'Ismael Dussan','Huaca','','ismael.dussan@unad.edu.co','3115388922',85201,9,1),
 (19434038,'Wilson Fabio','Valencia','Aguirre','wilson.valencia@unad.edu.co','3216249694',82113,16,1),
 (19462860,'Carlos Uriel','Hernandez','Lopez','carlos.hernandez@unad.edu.co','3204883351',82108,9,1),
 (20384672,'Yenny Constanza','Parrado','Barreto','yenny.parrado@unad.edu.co','3107943556',86101,6,1),
 (20828010,'Nohora Isabel','Soto','Mu','nohora.soto@unad.edu.co','3218123357',83101,3,1),
 (22219172,'Edith Elizabeth','Luna','Villanueva','Avda Belgrano 1081 Catamarca Argentina','5,49383E+12',99997,27,1),
 (23611077,'Daniel Orlando','Velazquez','','daniclaret@yahoo.com.ar','1,12E+11',99997,27,1),
 (23777993,'Yalfa Odeth','Villamil','Santamaria','yalfa.villamil@unad.edu.co','3178876310',82205,7,1),
 (23781806,'Laura Marcela','Bernal','','laura.bernal@unad.edu.co','3188199845',82113,8,1),
 (24714134,'Marby Yineth','Triana','Vargas','marby.triana@unad.edu.co','8572588',83101,10,1),
 (26039299,'Yohana Amante','Negrete','','yohana.amante@unad.edu.co','314 488 8153',86101,6,1),
 (26292189,'Marcelino Mendoza','Paucar','','mmendoza2652@hotmail.com','959839120',99997,27,1),
 (26420603,'Carolina Polania','Leyton','','carolina.polania@unad.edu.co','3124357103',82205,26,1),
 (26421438,'Carmen Piedad','Rivas','Torres','carmen.rivas@unad.edu.co','8715272',82205,5,1),
 (26422816,'Diana Mercedes','Mora','G?mez','nana.mechas@hotmail.com','3204025542',82205,7,1),
 (26528977,'Yineth Vargas','Quintero','','yineth.vargas@unad.edu.co','3112815577',82200,1,1),
 (28537619,'Andrea Caro','Varela','','coconubes@hotmail.com','301405722',82113,30,1),
 (28539780,'Diana Katherine','Trilleros','Moica','diana.trilleros@unad.edu.co','3166283851',82113,8,1),
 (28548912,'Angela Ivethe','Mayorga','Orteg','angela.mayorga@unad.edu.co','3185507312',82112,10,1),
 (28765137,'Sonia Ceballos','Aguirre','','sonia03ceballos@hotmail.es','3204962885',82113,1,1),
 (28838693,'Gladys Stephannie','','','gladyforpsychology.unad@gmail.com','3118995079',82113,10,1),
 (29187820,'Paula Andrea','S?nchez','Morales','paula.sanchez@unad.edu.co','3124086728',82102,7,1),
 (29671409,'Maria Angelica','Cervantes','Mu','maria.cervantes@unad.edu.co','3166825587',86101,7,1),
 (29679817,'Alejandra Maria','Pe','Beltran','alejandra.pena@unad.edu.co','3147746021',82200,9,1),
 (30235600,'Alix Johana','Trivi','Cabezas','alix.trivino@unad.edu.co','3107753993',83101,16,1),
 (30294716,'Martha Cecilia','Vinasco','Guzm','marta.vinasco@unad.edu.co','8364157',82108,8,1),
 (30328234,'Gloria Esperanza','Castellanos','Garcia','gloria.castellanos@unad.edu.co','3188674112',82113,10,1),
 (30330963,'Julialba Angel','O.','','julialba.angel@unad.edu.co','3102440541',82113,9,1),
 (30331029,'Carmen Emilia','Uribe','Cardona','carmen.uribe@unad.edu.co','7285198',81301,12,1),
 (30340993,'Deira Salas','Hernandez','','deira.salas@unadvirtual.edu.co','968572588',83101,29,1),
 (30344393,'Evelin Garcia','Guerra','','Evelin.garcia@unad.edu.co','8572588',83101,10,1),
 (30344767,'Edith Burgos','Tabares','','edith.burgos@unad.edu.co','3207255429',83101,7,1),
 (30349778,'Luz Carime','Rodriguez','','luz.rodriguez@unad.edu.co','8572588',83101,16,1),
 (30387306,'Andrea Del','Pilar','','andrea.caro@unad.edu.do','3202568797',83101,30,1),
 (30387420,'Wcdaly Cort','Algeciras','','wcdaly.cortes@unad.edu.co','3113546558',83101,8,1),
 (30509522,'Ingrid Marcela','Leon','Trujillo','ingrid.leon@unad.edu.co','3143985676',85201,8,1),
 (31940186,'Myriam Lucia','Vargas','M.','myriam.vargas@unad.edu.co','3123106749',82108,16,1),
 (31941086,'Myriam Lu','Vargas','M','myriam.vargas@unad.edu.co','3123106749',82108,16,1),
 (33750953,'Francy Elena','Toloza','V','Francy.toloza@unad.edu.co','3138783956',82205,26,1),
 (34564864,'Nancy Amparo','Guaca','Gir','nancy.guaca@unad.edu.co','3164920876',83102,8,1),
 (36065813,'Diana Mercedes','Moreno','Tovar','diana.moreno@unad.edu.co','3153212905',82205,5,1),
 (36067904,'Gilma Paola','Andrade','Trujillo','gilma.andrade@unad.edu.co','3115137873',82205,8,1),
 (36175192,'Esperanza Medina','Arias','','esperanza.medina@unad.edu.co','3132708571',85201,9,1),
 (36176843,'Sandra Migdonia','Tovar','Trujillo','sandra.tovar@unad.edu.co','3168287737',82205,7,1),
 (36177302,'Ang?lica Bautista','C?rdenas','','angelica.bautista@unad.edu.co','3153747843',82205,7,1),
 (36178216,'Clara Helena','Guzman','Rodriguez','clarah.guzman@unad.edu.co','3132522796',82205,10,1),
 (36180117,'Mercy Trujillo','Charry','','mercy.trujilo@unad.edu.co','3125000732',85201,10,1),
 (36285513,'Clara Sof','Caviedes','Villegas','clara.caviedes@unad.edu.co','3132690071',82108,7,1),
 (36288240,'Luz Day','G?mez','Paladines','luzd.gomez@unad.edu.co','3178952180',82108,26,1),
 (36293052,'Magda Lorena','Zu?iga','Rojas','magda.zuniga@unad.edu.co','3134326263',82108,26,1),
 (36293202,'Claudia Marcela','Diaz','Scarpetta','claudia.diaz@unad.edu.co','3173848219',82108,8,1),
 (36294372,'Ana Lucia','Alvarez','Parra','ANA.ALVAREZ@UNAD.EDU.CO','3118857028',82108,3,1),
 (36295751,'Angela Carolina','Echeverri','','angela.echeverri@unad.edu.co','3115187393',82108,16,1),
 (36305698,'Yudy Yesenia','Thola','Ospitia','yudy.thola@unad.edu.co','3114696331',82205,8,1),
 (36310491,'Luz Margery','Motta','Polo','luz.motta@unad.edu.co','3007798050',82205,10,1),
 (36311152,'Luz Angela','Bejarano','Sanchez','angela.bejarano@unad.edu.co','3168644418',82205,26,1),
 (36314903,'Diana Paola','Forero','Gorron','diana.forero@unad.edu.co','3107886127',82205,26,1),
 (36314973,'Diana Mireya','Cuellar','Sanchez','diana.cuellar@unad.edu.co','3007874040',82113,6,1),
 (36379567,'Zoraida Lucia','Castro','Angel','zoraida.castro@unad.edu.co','3115135454',82113,7,1),
 (36725447,'Ninis Beatriz','Yance','Restrepo','ninis.yance@unad.edu.co','3143316369',82200,8,1),
 (37319012,'Mirian Solano','Quintero','','mirian.solano@unad.edu.co','3153368363',86101,7,1),
 (37323685,'Omaira Manzano','Dur','','omaira.manzano@unad.edu.co','3152898252',82113,7,1),
 (37749753,'Victoria Eugenia','Guti?rrez','','victoria.gutierrez@unad.edu.co','3133698339',82205,8,1),
 (37941577,'Adriana Silva','Villarreal','','adriana.silva@unad.edu.co','3165056956     ',82113,6,1),
 (38070445,'Lilia Divina','S?nchez','Figueroa','lelitosan0519@yahoo.es','3118584826',82112,10,1),
 (38071057,'Yuri Marcela','Monroy','Sabogal','ymmonroys@unadvirtual.edu.co','3133091554',82112,7,1),
 (38142580,'Andrea Del','Pilar','Arenas','andrea.arenas@unad.edu.co','3168318888',82113,10,1),
 (38282615,'Maria Del Pilar','Alvarez','Reyes','mariap.alvarez@unad.edu.co','3108164662',83101,9,1),
 (38288704,'Milena Del Pilar','Ramos','Mesa','milena.ramos@unad.edu.co','3124151561',82300,7,1),
 (38360639,'Mar?a Alejandra','Andrade','Restrepo','maria.andrade@unad.edu.co','31553483837',82113,9,1),
 (38363041,'Natalia Molina','Ar?valo','','natalia.molina@unad.edu.co','3176356005',82113,8,1),
 (38550680,'Sandra Liliana','Castro','Apraez','sandracastro81@hotmail.com','3112303148',82113,8,1),
 (39562611,'Helena Maria','Martinez','Amaya','helena.martinez@unad.edu.co','3115145036',87010,1,1),
 (39628705,'Esther Angelica','Sabogal','Rozo','angelica.sabogal@hotmail.com','3115605417',82200,8,1),
 (39761393,'Ana Milena','Castro','Mora','amilenacastro@yahoo.com','3208151737',86101,10,1),
 (40049389,'Angela Maria','Gonzalez','Amarillo','angela.gonzalez@unad.edu.co','3133188932',82113,8,1),
 (40076581,'Gloria Rocio','Gonzalez','Arango','gloria.gonzalez@unad.edu.co','3105803487',85201,26,1),
 (40078098,'Doris D?vila','Valencia','','doris.davila@unad.edu.co','3127945765',85201,12,1),
 (40078455,'Luz Mary','Useche','Salgado','lmuseches@unadvirtual.edu.co','3142446443',85201,8,1),
 (40088999,'Natalia Del Pilar','Puyo','Plazas','natalia.puyo@unad.edu.co','3107925868',85201,10,1),
 (40442692,'Adriana Aparicio','Duran','','adriana.aparicio@unad.edu.co','3212030452',84202,8,1),
 (40670744,'Daniela Sin ','','','daniela.silva@unadvirtual.edu.co','3114780367',85201,9,1),
 (40670804,'Laura Marcela','Barragan','Rojas','laura.barragan@unad.edu.co','3004910964',85201,10,1),
 (40740133,'Ana Ruth','Motta','Tapiero','javier.achicanoy@unad.edu.co','3132758330',85201,10,1),
 (40771518,'Lucerina Artunduaga','Pimentel','','lucerina.artunduaga@unad.edu.co','3204988983',85201,9,1),
 (40778632,'Iraide Molina','','','iraide.molina@unad.edu.co','3143124696',85201,7,1),
 (40779099,'Fradit Torres','','','fradit.torres@unad.edu.co','3144130603',85201,5,1),
 (40781115,'Maribel Pacheco','','','maribel.pacheco@unad.edu.co','3212068113',85201,8,1),
 (40781792,'Maria Elena','Medina','Chavarro','maria.medina@unad.edu.co','3202036845',85201,5,1),
 (40917675,'Luzdaris Mejia','Obredor','','luzdaris.mejia@unad.edu.co','3016281386',81301,10,1),
 (41380384,'Martha Sin','Alvarez','Romero','martha.alvarez@unad.edu.co','3002122180',82113,10,1),
 (41620678,'Ofelia Palencia','Fajardo','','ofelia.palencia@unad.edu.co','3208957967',82205,7,1),
 (41656218,'Paolo ','Solis','','pao_sj11@hotmail.com','962916021',82113,27,1),
 (41674354,'Astrid Segura','','','astrid.segura@unad.edu.co','3102099138',82205,8,1),
 (41715120,'Mirian Yanet','Sanchez','Wilches','mirian.sanchez@unad.edu.co','3102772209',85201,10,1),
 (41963024,'Yajaira Velasquez','Jaramillo','','yajaira.velasquez@unad.edu.co','8572588',83101,10,1),
 (42072415,'Asler Olson','Saavedra','Garc','asolsaagar1@hotmail.com','51978833713',99997,30,1),
 (42084493,'Martha Cecilia','Ar?valo','Estrada','maceares@yahoo.com','3164650998',99997,27,1),
 (42149423,'Natalia Andrea','Salazar','Camacho','natalia.salazar@unad.edu.co','3163405794',82113,8,1),
 (42897495,'Mabel Serna','Ospina','','mabel_serna@hotmail.com','3104639827',83103,7,1),
 (43157101,'Angelica Bibiana','Mu','Restrepo','angelica.munoz@unad.edu.co','3117077645',85201,8,1),
 (45427156,'Mercedes ','Velez','','mercedes.velez@unad.edu.co','3163142627',81104,10,1),
 (45495497,'Consuelo Del Socorro','Mosquera','Torres','consuelo.mosquera@unad.edu.co','3113095932',82300,16,1),
 (45554816,'Janeth Constanza','Gonzalez','Pulido','janeth.gonzalez@unad.edu.co','3212425763',87010,16,1),
 (46378473,'Paola Gimena','Plazas','Bello','paola.plazas@unad.edu.co','3118556756',82102,3,1),
 (48940789,'Pablo Maraver','Lopez','','pablomaraverlopez@gmail.com','34606593507',99997,30,1),
 (49774163,'Nelbis Yepez','Martinez','','NELBIS.YEPEZ@UNAD.EDU.CO','3126921367',81301,6,1),
 (51742572,'Ingrid Huertas','Torres','','ingridhuertastorres@gmail.com','3115936980',99997,26,1),
 (51761142,'Martha Yanet','Gonz?lez','','martha.gonzalez@unad.edu.co','3115087694',85201,16,1),
 (51767670,'Norma Constanza','Galvis','S?nchez','cony2264@hotmail.com','2671996',82113,10,1),
 (51779464,'Tatiana ','Bocanegra','','tatiana.bocanegra@unad.edu.co','3 44 37 00 ext ',86101,4,1),
 (51944716,'Mar?a Elva','S?nchez','Barrera','mariae.sanchez@unad.edu.co','3208969501',82113,10,1),
 (52089087,'Sandra Milena','Ari','Solano','sandra.arino@unad.edu.co','3173473659',82108,3,1),
 (52115682,'Yelithza Cede','Salcedo','','yelithza.cedeno','3158870038',82113,6,1),
 (52170710,'Doris Patricia','Mendez','Serrano','doris.mendez@unad.edu.co','3117275316',82113,4,1),
 (52268126,'Myrian Sofia','Guzman','Oliveros','myrian.guzman@unad.edu.co','3214447562',82108,9,1),
 (52428649,'Liliana Eugenia','Alvarez','Cabezas','liliana.alvarez@unad.edu.co','3007193858',82113,1,1),
 (52433449,'Guisset Stella','Pe?aloza','Cardenas','guissetpenaloza@hotmail.com','3153048530',86101,7,1),
 (52442011,'Ang?lica Sandoval','Rodr?guez','','angelica.sandoval@unad.edu.co','8715272',82205,5,1),
 (52561770,'Sandra Patricia','Pineda','Salinas','sandra.pineda@unad.edu.co','3132891264',82112,8,1),
 (52634103,'Edda Magaly','Castro','Castillo','emcastroca7@hotmail.com','3125090131',82112,10,1),
 (52708936,'Nidia ?a','Minda','','nidia.nanez@unad.edu.co','3204887255',82108,31,1),
 (52767040,'Sandra Patricia','Barrios','Rodriguez','sandra.barrios@unad.edu.co','3105874480',82108,16,1),
 (52850139,'Yinna Paola','Ariza','Calder','yinna.ariza@unad.edu.co','3155511780',82108,10,1),
 (53910494,'Laudy Yeneth','Navarrete','Rodr?guez','laudyeneth@hotmail.com','3123318113',86101,30,1),
 (55059795,'Nelly Maria','Mendez','Pedroza','nelly.mendez@unad.edu.co','3138355039',82108,9,1),
 (55132187,'Ilda Yaneth','Criollo','','ilda.criollo@unad.edu.co','3124601415',82200,9,1),
 (55160563,'Mabel Goretty','Chala','Trujillo','mabel.chala@unad.edu.co','3002111280',82205,10,1),
 (55165408,'Tatiana Del Pilar','Polania','','tatiana.polania@unad.edu.co','3142917291',82205,16,1),
 (55167055,'Nany Yicela','Solano','Zea','nanyyicela@hotmail.com','3207482637',85201,10,1),
 (55167102,'Martha Cecilia','Dur','','martha.duran@unad.edu.co','3183832471',82113,16,1),
 (55173487,'Liz Giomaira','Montenegro','Losada','liz.montenegro@unad.edu.co','8715272',82205,10,1),
 (55177249,'Yelithza Cede','Salcedo','','yelithza.cedeno@unad.edu.co','3158870038',82113,6,1),
 (55190429,'Diana Paola','Puentes','Pacheco','dp31828@hotmail.com','3202456915',82108,30,1),
 (59812952,'Carmen Adriana','Aguirre','Cabrera','adriana.aguirre@unad.edu.co','3003620669',83103,8,1),
 (60265823,'Ludy Esperanza','Cote','Jaimes','ludy.cote@unad.edu.co','3215657611',82204,26,1),
 (60267953,'Diana Carolina','Pab','','diana.pabon@unad.edu.co','3173799167',82204,5,1),
 (63366730,'Adelaida Cu?llar','Baham','','adelaida.cuellar@unad.edu.co','3167442630',82108,7,1),
 (63473603,'Tatiana ','Egea','','tatiana.egea@unad.edu.co','2647953 ext 118',82113,16,1),
 (65630864,'Jeammy Julieth','Sierra','Hernandez','Jeammy.sierra@unad.edu.co','3164370817',82113,8,1),
 (65631279,'Karina Fernanda','Monroy','Arias','karina.monroy@unad.edu.co','3166242957',85201,9,1),
 (65631858,'Diana Carolina','Verjan','Avila','diana.verjan@unad.edu.co','3123080811',82113,7,1),
 (65699958,'Nayibe Soraya','Sanchez','Leon','nsanchez@itfip.edu.co','3102187600',82113,27,1),
 (65711092,'Maria Eugenia','Rivillas','Salcedo','mariae2_2@yahoo.com','3115812313',82112,7,1),
 (65713240,'Martha Ledy','Arias','Bravo','martha.arias@unad.edu.co','3105536334',82112,10,1),
 (65713716,'Leydi Echeverry','Figueroa','','leydi.echeverry@unad.edu.co','3112814987',82112,1,1),
 (65714171,'Aisa Magaly','Chacon','Skinner','aisa.chacon@unad.edu.co','3114460628',82112,7,1),
 (65714645,'Edna Ruth','Aros','Maldonado','edna.aros@unad.edu.co','3203453745',82112,8,1),
 (65715111,'Maria Cristina','Garzon','Toro','mcgarzonto@unadvirtual.edu.co','3123699759',82112,30,1),
 (65715131,'Luz Enid','Gomez','Tabares','luz.gomez@unad.edu.co','3142547418',82113,7,1),
 (65716666,'Mireya Rocio','Prado','','mireya.prado@unad.edu.co','2564318',82112,1,1),
 (65717098,'Magda Ileana','Agudelo','Rodr?guez','magda.agudelo@unad.edu.co','3127706964',82112,9,1),
 (65719642,'Luz Mireya','Cubillos','Guzman','luz.cubillos@unad.edu.co','3102899514',82112,26,1),
 (65726654,'Liliana Oviedo','Tovar','','liliana.oviedo@unad.edu.co','3138172633',82113,10,1),
 (65736342,'Laura Rita','Gomez','Bonilla','laura.gomez@unad.edu.co','3002119249',82113,5,1),
 (65737040,'Gloria Isabel','Vargas','Hurtado','gloria.vargas@unad.edu.co','3124817001',82113,1,1),
 (65741829,'Maria Isabel','Pe','Garzon','mpena@uniminuto.edu','3133971704',99997,27,1),
 (65744555,'Janeth Uma','Avila.','','janeth.umana@unad.edu.co','3103162155',82113,10,1),
 (65748090,'Rosa Icela','Urrutia','Ramirez','rosa.urrutia','3125955667',82113,10,1),
 (65749062,'Victoria Eugenia','Hernandez','Cruz','victoria.hernandez@unad.edu.co','3112913077',82113,10,1),
 (65750510,'M?nica Jajaira Del Pilar','Santamar','Torres','monica.santamaria@unad.edu.co','3203462153',82300,8,1),
 (65753177,'Marfa Maritza','Echeverry','Lopez','marfa.echeverry@unad.edu.co','3187936286',82113,7,1),
 (65753422,'Norma Constanza','Barrios','Mosquera','norma.barrios@unad.edu.co','3158791086',82113,6,1),
 (65758982,'Helian Magally','Villarreal','Morales','heliana.villarreal@unad.edu.co','3132400860',82113,12,1),
 (65759455,'Olga Luc','Fern?ndez','Narv?ez','olfernandezna@unad','3114654931 - 32',85201,30,1),
 (65765117,'Angela Liliana','Merch','Collazos','angela.merch?n@unad.edu.co','3103413737',82113,10,1),
 (65775354,'Carmen Emilia','Rubio','Vanegas','carmen.rubio@unad.edu.co','3016325097',82113,8,1),
 (65775461,'Paola Martinez','Maritnez','','PAOLA.MARTINEZ@UNAD.EDU.CO','3202305115',83101,9,1),
 (65777058,'Liliana S?nchez','Ram?rez','','liliana.sanchez@unad.edu.co','3108000475',82113,10,1),
 (65779289,'Marcela Guti?rrez','Carmona','','maguca31@hotmail.com','2644914',82113,8,1),
 (65779938,'Sandy Sindney','Torres','Silva','sandy.torres@unad.edu.co','3178681125',82113,7,1),
 (65782881,'Gloria Alejandra','Rubio','Vanegas','gloria.rubio@unad.edu.co','3012092445',82113,8,1),
 (65783701,'Gina Paola','Sanchez','','gina.sanchez@unad.edu.co','3124405380',82300,26,1),
 (65785524,'Paola Andrea','Suarez','','audiparis@hotmail.com','3115807640',82113,10,1),
 (65795251,'Vivian Rocio','Galindo','Varon','vivian.galindo@unad.edu.co','3112541409',82300,10,1),
 (65795343,'Marleny Ang?lica','Morales','Am?zquita','angelica.morales@unad.edu.co','3134233039',82300,10,1),
 (66999201,'Paola Aandrea','Marmolejo','Hurtafo','paola.marmolejo@unad.edu.co','3168272034',82113,8,1),
 (73159878,'Samuel Enrrique De','Arco','Avila','samy4xto@msn.com','3112078742',82205,30,1),
 (74180275,'Oscar Ivan','Valderrama','Arias','oscar.valderrama@unad.edu.co','3103430489',82113,8,1),
 (77192299,'Dimas Martinez','Cardona','','dimas.martinez@unad.edu.co','3013259438',81102,5,1),
 (78108385,'Fredy Enrique','Barreto','Luna','freddy.barreto@unad.edu.co','3218043884 - 65',82112,8,1),
 (79297706,'Heriberto Sin','','','Mart?nez Roa','3004881572',82113,8,1),
 (79412611,'Ferley Medina','Rojas','','ferley.medina@unad.edu.co','3153283639',82205,8,1),
 (79421798,'Leonel Sterling','Rojas','','leonel.sterling@unad.edu.co','3112407153',82113,9,1),
 (79504883,'Ernesto Orlando','Parra','Ca','ernesto.parra@unad.edu.co','3134956161',85201,8,1),
 (79506630,'Carlos Fernando','Martinez','Acosta','cfmacol@hotmail.com','3173104705',82113,30,1),
 (79526126,'Nelson Marin','Latorre','','nelson.latorre@unad.edu.co','8572588',83101,7,1),
 (79636025,'Luis German','Huerfano','Ladino','luis.huerfano@unad.edu.co','3133962352',82113,8,1),
 (79693723,'Fredy Alexander','Garcia','Pulido','fredy.garcia@unad.edu.co','3116092944',82300,7,1),
 (79968190,'John Armando','','','john.duran@unad.edu.co','3158092247',85201,8,1),
 (80040889,'Jorge Andres','Rodriguez','Perdomo','jorgea.rodriguez@unad.edu.co','3143340509',82113,9,1),
 (80059140,'Carlos Andres','Medina','Camacho','amecveterinario@hotmail.com','3107545871',85201,9,1),
 (80073510,'Juan Pablo','Herrera','Cerquera','juanp.herrera@unad.edu.co','3124233425',82205,9,1),
 (80544070,'Nelson Humberto','Zambrano','Cortes','NELSON.ZAMBRANO@UNAD.EDU.CO','3142962740',82107,8,1),
 (80842672,'Carlos Eduardo','Daza','Orozco','c.daza@hotmail.com','1140433480',99997,27,1),
 (80881405,'Alberto Polania','Cabrera','','alberto.polania@unad.edu.co','3204965415',85201,9,1),
 (86076054,'Nilton Guavita','Moya','','nilton.guavita@unad.edu.co','3124542343',82300,1,1),
 (91508858,'Julian Humberto','Roman','Fonseca','julian.roman@unad.edu.co','3106798727',87010,9,1),
 (91517435,'Andres Alejandro','Camargo','Parra','aacamargoparra@gmail.com','6448684',82109,27,1),
 (93133055,'John Fredy','Montes','Mora','john.montes@unad.edu.co','320',82113,5,1),
 (93236768,'Elber Fernando','Camelo','Quintero','elber.camelo@unad.edu.co','3012429897',82113,8,1),
 (93238947,'Juan Camilo','Jimenez','Luna','juanc.jimenez@unad.edu.co','3114964245',87010,9,1),
 (93239918,'Ra?l Camacho','Bri','','raultutorunad@gmail.com','3144494459',82113,8,1),
 (93291958,'Harol Alvarez','Ramirez','','harold.ramirez@unad.edu.co','3142486415',82113,26,1),
 (93291962,'Pedro A','Chacon','','pachas5470@hotmail.com','3115108459',82112,8,1),
 (93292919,'Ivan Mauricio','O?ate','Sanchez','ivan.onate@unad.edu.co','3203474486',82112,1,1),
 (93294739,'Edwin Eduardo','Delgado','Bobadilla','edwin.delgado@unad.edu.co','3115407596',82300,8,1),
 (93294864,'Julio Cesar','Chacon','Skinner','jccesarchacon35@gmail.com','3112678306',82112,26,1),
 (93296126,'Carlos Arturo','Sanchez','Restrepo','carlosarturo1236@hotmail.com','3138255582',82112,26,1),
 (93297411,'Jhon Jarol','Mu','Carrillo','jarolmc7@gmail.com','3172325740',82112,8,1),
 (93337995,'Hector Fabio','Amaya','Diaz','hector.amaya@unad.edu.co','3115454532',82300,8,1),
 (93362086,'Tito Mauro','Huertas','Valencia','tito.huertas@unad.educ.o','300614022',82113,3,1),
 (93376115,'Rodolfo Lopez','Garibello','','rlopez.unad@gmail.com','3132404342',82113,8,1),
 (93376975,'Julio Cesar','Hern?ndez','Guti?rrez','julio.hernandez@unad.edu,co','3217799934',82113,7,1),
 (93390110,'Carlos Guillermo','Mesa','Mej','carlos.mesa@unad.edu.co','3115146124',82113,9,1),
 (93390998,'Celso Javier','Rodriguez','Pizza','celso.rodriguez@unad.edu.co','3133935599',82113,8,1),
 (93393312,'Pablo Andres','Mendoza','Sanchez','pablo.mendoza@unad.edu.co','3177065761',82113,7,1),
 (93398946,'Oscar Abel','Luna','Riojas','oscar.luna@unad.edu.co','3175021316',82113,7,1),
 (93400380,'Jorge Hugo','Hern?ndez','Villamil','jorgeh.hernandez@unad.edu.co','3115370158',82113,1,1),
 (93404131,'Nilson Albeiro','Ferreira','Manzanares','nilson.ferreira@unad.edu.co','3158001598',82113,8,1),
 (93406449,'Milton Fernando','Ortegon','Pava','milton.ortegon@unad.edu.co','3102045423',82113,8,1),
 (93408711,'Jhonathan Eduard','Bernal','Perez','jhonathan.bernal@unad.edu.co','3114823867',82113,7,1),
 (93410969,'Daniel Andr','Guzm','Arevalo','daniel.guzman@unad.edu.co','3214220312',82113,8,1),
 (93413066,'Sigifredo Arias','','','sigifredo.arais@unad.edu.co','3143098344',82113,10,1),
 (93418339,'Alvaro Ivan','Ramirez','Posada','alvaro.ramirez@unad.edu.co','3153840152',82113,8,1),
 (93420451,'Leonardo Fabio','Machado','','leonardo.machado@unad.edu.co','3124824071',82300,8,1),
 (94432498,'Diber Albeiro','Vaquiro','Plazas','diber.vaquiro@unad.edu.co','3138190172',85201,8,1),
 (96361252,'Harold Esneider','P?rez','Waltero','harold.perez@unad.edu.co','3212914485',82113,8,1),
 (400824215,'Romel Fabian','Ayala','Ruiz','rfayalar@gmail.com','62962464',99996,27,1),
 (1006165142,'Daniela Miranda','Botero','','dmirandab@unadvirtual.edu.co','3135621900',82112,8,1),
 (1012394305,'Jonathan Guevara','Giraldo','','k.ofkins@hotmail.com','3123141321',82112,9,1),
 (1014213646,'Diana Sin','Cortes ','Bohorquez','nanis26@hotmail.es','3132260215',82112,10,1),
 (1018422474,'Diana Alexandra','Dorado','Lopez','diana.dorado@raccoon.es','3012248577',82113,27,1),
 (1020718909,'Fabio Andr','Bele','Angulo','fabio.beleno@unad.edu.co','3125112619',82205,6,1),
 (1032370921,'Sandra Marcela','Agudelo','Lozano','sammychiquis@hotmail.com','2562162',82112,8,1),
 (1032390966,'Diego Fernando','Vargas','Gualtero','divargas@uniminuto.edu','3183662927',99997,27,1),
 (1052380736,'Maly Johanna','Puerto','Lopez','maly.puerto@unad.edu.co','3112921492',82150,9,1),
 (1053781235,'Luisa Fernanda','Buitrago','Ram?rez','luisa.buitrago@unad.edu.co','3146016780',82113,10,1),
 (1054549119,'Jenny Andrea','Osorio','Moreno','jenny.osorio@unad.edu.co','8572588',83101,26,1),
 (1063164336,'Jos? Antonio','Correa','Padilla','joseapadilla@correo.unicordoba.edu.co','3007343880',99997,27,1),
 (1065608270,'Rogger Alberto','Jimenez','Torres','roggerjimenez@gmail.com','3016620991',81102,30,1),
 (1069282275,'Martha Isabel','Campos','Penagos','martha.campos@unad.edu.co','3202090067',82104,16,1),
 (1070945274,'Paola Andrea','Velandia','Reyes','paola.velandia@unad.edu.co','8431002',82103,6,1),
 (1075209376,'Jesus Antonio','Ortiz','','fiat_jesus@hotmail.com','3107837084',82200,8,1),
 (1075230700,'Jaime Andr','Delgado','Celis','jaime.delgado@unad.edu.co','384645137',87010,26,1),
 (1075242647,'Shyrley Rocio','Vargas','Paredes','shirly_roci@hotmail.com','3162671725',82205,30,1),
 (1078366305,'Oscar Vesga','','','oscar.vesga@unad.edu.co','3004402275',82100,16,1),
 (1079180158,'Maria Camila','Perdomo','Murcia','mcperdomom@unadvirtual.edu.co','3183040463',82113,30,1),
 (1079408403,'Bibiana Vargas','Cortes','','unadbibiana@hotmail.com','3157810664',82205,30,1),
 (1080931258,'Claudia Patricia','Cortes','Orozco','claudia.cortes@unad.edu.co','3134370892',82108,9,1),
 (1081152535,'Yuly Pauline','Cardenas','Hoyos','yuly.cardenas@unad.edu.co','3134553800',85201,10,1),
 (1081404308,'Monica Alejandra','Pati','','mapatinosa@unadvirtual.edu.co','3114752829',82200,8,1),
 (1081411002,'Gabriel Alexander','Moriones','Vargas','gabriel.moriones@unad.edu.co','2910273',83201,26,1),
 (1082125164,'Luis Ferney','Bermeo','Ruiz','corporacionsistemarte@gmail.com','3134268361',82108,8,1),
 (1083866186,'Christian Ricardo','Rojas','Vargas','cristianricardo44@hotmail.com','3108071810',82108,7,1),
 (1083891564,'Alexis Andrey','','','aaramirezg@unadvirtual.edu.co','3108827382',82108,9,1),
 (1104695114,'Luz Adriana','Babativa','Delgado','adriana0186@hotmail.es','3112464472',82112,10,1),
 (1104695592,'Angeli Viviana','Cuervo','Pulido','vivianacuervo1@hotmail.com','3107967356',82112,10,1),
 (1104695945,'Yinyola Sierra','Castro','','yinyola.sierra@gmail.com','3124373368',82112,7,1),
 (1104697519,'Robinson Vargas','Rivera','','rvargasri@unadvirtual.edu.co','3115456407',82112,8,1),
 (1104698874,'Juan David','Sanabria','Jimenez','juangospel@hotmail.es','3115439539',82113,7,1),
 (1104702370,'Cindy Dayana','Mendoza','Casas','cindydayana60@hotmail.com','3138049045',82112,10,1),
 (1104703098,'Anyela Johanna','Vargas','Rivera','anyelavargas65@gmail.com','3142526640',82113,9,1),
 (1104703912,'Luisa Fernanda','Ovalle','Ramirez','lulu.ovalle@hotmail.com','2563366',82112,8,1),
 (1104704804,'Maricela Hernandez','Isaza','','maricelita.5@hotmail.com','3204061946',82112,10,1),
 (1104705765,'Erika Melo','Puerto','','eriquita1@hotmail.es','3143355994',82113,9,1),
 (1104706684,'Sindy Johanna','Garcia','Vallejo','sjgarciav@unadvirtual.edu.co','3125742250',82112,1,1),
 (1104707031,'Jeniffer Morales','Marin','','jenniferjahlove@hotmail.es','3144864513',82113,10,1),
 (1109265607,'Alexander Aguilar','Gonzalez','','alexanderaguilar3194@gmail.com','3118740465',99997,30,1),
 (1110444232,'Diego A.','Marin','Idarraga','diego.marin@unad.edu.co','316 35252 16',82113,8,1),
 (1110457025,'Carlos Andres','Giraldo','Prada','cagiraldo87@hotmail.com','3166225771',82113,30,1),
 (1110461828,'Dubis Marcela','Rincon','Barreto','dubis.rincon@unad.edu.co','3212164980',82113,10,1),
 (1110468425,'Ivonne Johanna','Quesada','Perez','quesada.ivonne@gmail.com','3002803616',82113,8,1),
 (1110483218,'Diana Alexandra','Rfamirez','Mu','daramirezm@unadvirtual.edu.co','3168925697',82113,30,1),
 (1110489264,'Jorge Enrique','Taboada','?lvarez','jorge.taboada@unad.edu.co','3185161060',82113,8,1),
 (1110490789,'Leonardo Antonio','Aguilera','Castro','leonardo.aguilera.mvz@gmail.com','3153931393',82108,9,1),
 (1110502057,'Jasson David','Neira','Corrales','jassonneira22@gmail.com','3158468189',82113,8,1),
 (1110507727,'Edwin Gilberto','Vasquez','Conde','egvasquezc@gmail.com','3123029885',82113,8,1),
 (1110535260,'Zaira Vanessa','Andrade','Gil','zvandrade@misena.edu.co','3124091889',82113,10,1),
 (1111453019,'Ruth Neydis','Bejarano','Garcia','natisbega@hotmail.com','3143858599',82112,10,1),
 (1116777193,'Angela Paola','Vargas','Clavijo','angela.vargas@unad.edu.co','3118510547',82109,16,1),
 (1117496478,'Diana Lorena','Figueroa','Cuellar','diana.figueroa@unad.edu.co','3118187168',85201,16,1),
 (1117502041,'Yeison Andr','V?quiro','Plazas','yeison.vaquiro@unad.edu.co','3142902536',85201,8,1),
 (1117510031,'Lorena Urquina','Cuellar','','lorena.urquina@unad.edu.co','3214492597',85201,26,1),
 (1234567890,'Soila Del','Carmen','L?pez','sclopez@unadmexico.mx','5554509587',82113,1,1),
 (2147483647,'Nelly Rocio','Gonzalez','Cubillos','n31gonzalez@gmail.com','3143685437',82112,7,1);
/*!40000 ALTER TABLE `principal` ENABLE KEYS */;


--
-- Definition of table `registro`
--

DROP TABLE IF EXISTS `registro`;
CREATE TABLE `registro` (
  `idregistro` int(11) NOT NULL AUTO_INCREMENT,
  `nregistro` varchar(45) DEFAULT NULL,
  `principal_idprincipal` int(11) NOT NULL,
  PRIMARY KEY (`idregistro`),
  KEY `fk_registro_principal1_idx` (`principal_idprincipal`),
  CONSTRAINT `fk_registro_principal1` FOREIGN KEY (`principal_idprincipal`) REFERENCES `principal` (`idcedula`) ON DELETE NO ACTION ON UPDATE NO ACTION
) ENGINE=InnoDB AUTO_INCREMENT=2 DEFAULT CHARSET=utf8;

--
-- Dumping data for table `registro`
--

/*!40000 ALTER TABLE `registro` DISABLE KEYS */;
INSERT INTO `registro` (`idregistro`,`nregistro`,`principal_idprincipal`) VALUES 
 (1,'25092014 ',12144439);
/*!40000 ALTER TABLE `registro` ENABLE KEYS */;


--
-- Definition of table `tipo`
--

DROP TABLE IF EXISTS `tipo`;
CREATE TABLE `tipo` (
  `idtipo` int(11) NOT NULL AUTO_INCREMENT,
  `ntipo` varchar(45) DEFAULT NULL,
  PRIMARY KEY (`idtipo`)
) ENGINE=InnoDB AUTO_INCREMENT=4 DEFAULT CHARSET=utf8;

--
-- Dumping data for table `tipo`
--

/*!40000 ALTER TABLE `tipo` DISABLE KEYS */;
INSERT INTO `tipo` (`idtipo`,`ntipo`) VALUES 
 (1,'Activo'),
 (2,'Inactivo'),
 (3,'Administrativo');
/*!40000 ALTER TABLE `tipo` ENABLE KEYS */;


--
-- Definition of table `unidad_estado`
--

DROP TABLE IF EXISTS `unidad_estado`;
CREATE TABLE `unidad_estado` (
  `idunidad_estado` int(11) NOT NULL AUTO_INCREMENT,
  `nunidad_es` varchar(45) DEFAULT NULL,
  `unidad_tipo` varchar(45) DEFAULT NULL,
  PRIMARY KEY (`idunidad_estado`)
) ENGINE=InnoDB AUTO_INCREMENT=32 DEFAULT CHARSET=utf8;

--
-- Dumping data for table `unidad_estado`
--

/*!40000 ALTER TABLE `unidad_estado` DISABLE KEYS */;
INSERT INTO `unidad_estado` (`idunidad_estado`,`nunidad_es`,`unidad_tipo`) VALUES 
 (1,'Dirección','Administrativa'),
 (2,'GAF (Administrativa y Financiera)','Administrativa'),
 (3,'VIACI Unidad Misional Académica y de Investig','Misional'),
 (4,'VIDER Unidad Misional de Desarrollo Regional','Misional'),
 (5,'VIMEP Unidad Misional de Medios y Mediacione','Misional'),
 (6,'ECEDU','Academica'),
 (7,'ECACEN','Academica'),
 (8,'ECBTI','Academica'),
 (9,'ECAPMA','Academica'),
 (10,'ECSAH','Academica'),
 (11,'Registro y Control','Administrativa'),
 (12,'Bienestar Universitario','Academica'),
 (13,'GIDT (Innovación y Desarrollo Tecnológico)','Administrativa'),
 (14,'Almacén e Inventarios','Administrativa'),
 (15,'Investigación / SIUNAD','Academica'),
 (16,'Consejeria','Academica'),
 (17,'Talento Humano','Administrativa'),
 (18,'Espacios e Infraestructura','Administrativa'),
 (19,'Créditos y Mercadeo (ICETEX)','Administrativa'),
 (20,'Biblioteca','Academica'),
 (21,'Calidad y Mejoramiento Continuo','Administrativa'),
 (22,'Gestión Documental','Administrativa'),
 (23,'Laboratorios (Fisica / Quimica)','Administrativa'),
 (24,'Sistema de Atención al Usuario SAU','Administrativa'),
 (25,'PIGA (Plan Integrado de Gestión Ambiental)','Administrativa'),
 (26,'Administrativos','Administrativa'),
 (27,'Personal Externo','Externo'),
 (28,'VISAE (Unidad Misional de Servicios a Aspiran','Academica'),
 (29,'Egresado ','Estudiante'),
 (30,'Estudiante','Estudiante'),
 (31,'INVIL','Academica');
/*!40000 ALTER TABLE `unidad_estado` ENABLE KEYS */;




/*!40101 SET SQL_MODE=@OLD_SQL_MODE */;
/*!40014 SET FOREIGN_KEY_CHECKS=@OLD_FOREIGN_KEY_CHECKS */;
/*!40014 SET UNIQUE_CHECKS=@OLD_UNIQUE_CHECKS */;
/*!40101 SET CHARACTER_SET_CLIENT=@OLD_CHARACTER_SET_CLIENT */;
/*!40101 SET CHARACTER_SET_RESULTS=@OLD_CHARACTER_SET_RESULTS */;
/*!40101 SET COLLATION_CONNECTION=@OLD_COLLATION_CONNECTION */;
/*!40101 SET CHARACTER_SET_CLIENT=@OLD_CHARACTER_SET_CLIENT */;
